OrderID,CustomerID,OrderDate,OrderStatus,SalesChannel,GrossAmount,DiscountAmount,NetAmount,Currency
ORD000001,CUST000093,2026-05-15 01:20:15,Returned,Mobile App,603.6,30.18,573.42,EUR
ORD000002,CUST000315,2026-05-17 04:30:08,Completed,Mobile App,468.61,70.29,398.32,EUR
ORD000003,CUST000360,2026-05-12 04:53:37,Completed,Website,910.43,136.56,773.87,EUR
ORD000004,CUST000314,2026-05-06 00:40:11,Shipped,Mobile App,1098.59,109.86,988.73,EUR
ORD000005,CUST000073,2026-05-11 08:58:08,Completed,Website,342.43,17.12,325.31,EUR
ORD000006,CUST000058,2026-05-03 10:11:45,Cancelled,Mobile App,706.54,70.65,635.89,EUR
ORD000007,CUST000108,2026-05-20 20:24:15,Completed,Mobile App,273.68,0.0,273.68,EUR
ORD000008,CUST000407,2026-05-06 21:18:40,Cancelled,Mobile App,32.29,0.0,32.29,EUR
ORD000009,CUST000383,2026-05-07 14:11:51,Completed,Website,164.89,24.73,140.16,EUR
ORD000010,CUST000150,2026-05-06 06:33:12,Cancelled,Mobile App,1044.61,156.69,887.92,EUR
ORD000011,CUST000067,2026-05-11 14:45:04,Completed,Website,363.32,0.0,363.32,EUR
ORD000012,CUST000187,2026-05-24 09:06:10,Completed,Website,1065.79,106.58,959.21,EUR
ORD000013,CUST000313,2026-05-22 03:11:36,Returned,Website,839.01,125.85,713.16,EUR
ORD000014,CUST000398,2026-05-08 17:33:53,Completed,Website,486.62,72.99,413.63,EUR
ORD000015,CUST000178,2026-05-08 01:14:49,Completed,Website,423.04,0.0,423.04,EUR
ORD000016,CUST000004,2026-05-22 13:23:13,Completed,Mobile App,51.56,7.73,43.83,EUR
ORD000017,CUST000121,2026-05-18 16:06:03,Completed,Mobile App,319.6,15.98,303.62,EUR
ORD000018,CUST000117,2026-05-16 13:19:21,Completed,Mobile App,51.52,2.58,48.94,EUR
ORD000019,CUST000302,2026-05-06 13:49:07,Completed,Mobile App,645.69,96.85,548.84,EUR
ORD000020,CUST000368,2026-05-19 06:49:36,Cancelled,Website,238.45,0.0,238.45,EUR
ORD000021,CUST000217,2026-05-12 13:00:43,Cancelled,Website,727.74,36.39,691.35,EUR
ORD000022,CUST000263,2026-05-12 11:59:05,Cancelled,Mobile App,848.84,0.0,848.84,EUR
ORD000023,CUST000101,2026-05-24 03:20:40,Completed,Mobile App,1312.9,0.0,1312.9,EUR
ORD000024,CUST000470,2026-05-09 10:14:52,Returned,Mobile App,250.52,37.58,212.94,EUR
ORD000025,CUST000494,2026-05-20 07:13:18,Shipped,Mobile App,695.88,104.38,591.5,EUR
ORD000026,CUST000426,2026-05-02 20:22:54,Cancelled,Mobile App,887.14,133.07,754.07,EUR
ORD000027,CUST000311,2026-05-06 04:29:51,Returned,Website,262.99,26.3,236.69,EUR
ORD000028,CUST000007,2026-05-08 07:56:58,Completed,Mobile App,988.32,0.0,988.32,EUR
ORD000029,CUST000319,2026-05-18 05:04:02,Completed,Mobile App,610.48,0.0,610.48,EUR
ORD000030,CUST000050,2026-05-22 00:40:24,Completed,Mobile App,54.76,2.74,52.02,EUR
ORD000031,CUST000274,2026-05-16 00:27:19,Shipped,Website,695.88,0.0,695.88,EUR
ORD000032,CUST000422,2026-05-14 05:40:40,Cancelled,Mobile App,15.46,0.77,14.69,EUR
ORD000033,CUST000042,2026-05-22 13:53:36,Completed,Mobile App,2059.16,308.87,1750.29,EUR
ORD000034,CUST000434,2026-05-21 03:32:48,Completed,Mobile App,345.88,51.88,294.0,EUR
ORD000035,CUST000147,2026-05-12 22:48:49,Completed,Mobile App,83.88,8.39,75.49,EUR
ORD000036,CUST000370,2026-05-16 17:13:47,Completed,Website,1076.27,53.81,1022.46,EUR
ORD000037,CUST000446,2026-05-23 02:51:31,Completed,Website,398.76,0.0,398.76,EUR
ORD000038,CUST000335,2026-05-22 18:20:29,Returned,Website,1409.1,0.0,1409.1,EUR
ORD000039,CUST000480,2026-05-03 00:40:44,Completed,Mobile App,269.08,0.0,269.08,EUR
ORD000040,CUST000057,2026-05-13 23:34:18,Returned,Website,923.12,0.0,923.12,EUR
ORD000041,CUST000054,2026-05-22 00:48:39,Completed,Website,112.32,16.85,95.47,EUR
ORD000042,CUST000127,2026-05-05 13:40:33,Returned,Website,919.87,0.0,919.87,EUR
ORD000043,CUST000106,2026-05-22 06:31:39,Completed,Website,277.58,13.88,263.7,EUR
ORD000044,CUST000380,2026-05-02 02:22:53,Completed,Mobile App,139.87,6.99,132.88,EUR
ORD000045,CUST000192,2026-05-08 06:26:10,Completed,Mobile App,179.61,8.98,170.63,EUR
ORD000046,CUST000163,2026-05-09 01:54:08,Shipped,Website,557.57,55.76,501.81,EUR
ORD000047,CUST000091,2026-05-07 15:02:14,Completed,Mobile App,86.36,12.95,73.41,EUR
ORD000048,CUST000236,2026-05-21 20:11:54,Shipped,Mobile App,34.66,1.73,32.93,EUR
ORD000049,CUST000315,2026-05-09 21:51:25,Completed,Website,675.97,101.4,574.57,EUR
ORD000050,CUST000274,2026-05-01 17:28:17,Completed,Website,731.98,0.0,731.98,EUR
ORD000051,CUST000017,2026-05-01 20:12:41,Completed,Mobile App,852.25,127.84,724.41,EUR
ORD000052,CUST000403,2026-05-04 15:43:30,Completed,Website,59.0,5.9,53.1,EUR
ORD000053,CUST000172,2026-05-17 15:50:52,Cancelled,Mobile App,103.83,0.0,103.83,EUR
ORD000054,CUST000070,2026-05-25 02:28:18,Completed,Website,579.92,57.99,521.93,EUR
ORD000055,CUST000346,2026-05-23 18:02:58,Cancelled,Website,545.55,0.0,545.55,EUR
ORD000056,CUST000370,2026-05-05 09:05:25,Completed,Mobile App,851.74,42.59,809.15,EUR
ORD000057,CUST000208,2026-05-07 00:30:52,Shipped,Mobile App,1896.54,284.48,1612.06,EUR
ORD000058,CUST000102,2026-05-02 21:08:49,Completed,Website,389.14,58.37,330.77,EUR
ORD000059,CUST000410,2026-05-22 20:31:14,Completed,Website,57.8,8.67,49.13,EUR
ORD000060,CUST000003,2026-05-03 08:06:35,Completed,Mobile App,248.96,37.34,211.62,EUR
ORD000061,CUST000493,2026-05-16 05:16:00,Completed,Mobile App,725.89,36.29,689.6,EUR
ORD000062,CUST000118,2026-05-24 11:24:48,Completed,Website,115.6,17.34,98.26,EUR
ORD000063,CUST000455,2026-05-24 03:25:59,Completed,Website,353.67,35.37,318.3,EUR
ORD000064,CUST000485,2026-05-21 10:25:10,Completed,Mobile App,751.24,75.12,676.12,EUR
ORD000065,CUST000300,2026-05-07 21:37:21,Completed,Website,315.09,15.75,299.34,EUR
ORD000066,CUST000122,2026-05-11 18:25:14,Returned,Mobile App,443.55,0.0,443.55,EUR
ORD000067,CUST000335,2026-05-10 12:20:45,Completed,Website,181.36,0.0,181.36,EUR
ORD000068,CUST000316,2026-05-24 12:00:11,Completed,Website,57.8,5.78,52.02,EUR
ORD000069,CUST000013,2026-05-01 11:15:00,Cancelled,Website,448.8,44.88,403.92,EUR
ORD000070,CUST000196,2026-05-09 12:11:14,Completed,Website,325.12,16.26,308.86,EUR
ORD000071,CUST000495,2026-05-05 15:50:50,Completed,Website,673.5,0.0,673.5,EUR
ORD000072,CUST000451,2026-05-12 23:52:08,Completed,Mobile App,878.31,87.83,790.48,EUR
ORD000073,CUST000351,2026-05-09 21:12:16,Returned,Website,858.88,128.83,730.05,EUR
ORD000074,CUST000086,2026-05-02 16:03:53,Completed,Website,469.68,23.48,446.2,EUR
ORD000075,CUST000381,2026-05-11 10:08:25,Completed,Website,822.53,82.25,740.28,EUR
ORD000076,CUST000061,2026-05-16 01:08:54,Shipped,Website,397.57,19.88,377.69,EUR
ORD000077,CUST000098,2026-05-17 14:18:52,Returned,Website,272.04,27.2,244.84,EUR
ORD000078,CUST000005,2026-05-03 10:54:13,Completed,Website,1573.43,236.01,1337.42,EUR
ORD000079,CUST000493,2026-05-09 14:35:08,Completed,Website,571.96,0.0,571.96,EUR
ORD000080,CUST000127,2026-05-02 10:33:35,Cancelled,Mobile App,999.53,0.0,999.53,EUR
ORD000081,CUST000337,2026-05-24 13:19:51,Completed,Mobile App,1172.04,0.0,1172.04,EUR
ORD000082,CUST000039,2026-05-23 10:21:58,Shipped,Mobile App,69.32,3.47,65.85,EUR
ORD000083,CUST000161,2026-05-14 10:31:59,Completed,Mobile App,299.74,29.97,269.77,EUR
ORD000084,CUST000184,2026-05-17 10:14:42,Shipped,Website,153.24,22.99,130.25,EUR
ORD000085,CUST000115,2026-05-13 11:37:45,Cancelled,Mobile App,340.35,0.0,340.35,EUR
ORD000086,CUST000350,2026-05-20 09:31:11,Cancelled,Mobile App,879.41,87.94,791.47,EUR
ORD000087,CUST000102,2026-05-19 01:38:21,Completed,Mobile App,658.73,0.0,658.73,EUR
ORD000088,CUST000390,2026-05-21 09:44:15,Shipped,Website,229.14,34.37,194.77,EUR
ORD000089,CUST000241,2026-05-23 08:10:03,Cancelled,Website,51.56,5.16,46.4,EUR
ORD000090,CUST000359,2026-05-06 23:30:20,Completed,Mobile App,419.64,62.95,356.69,EUR
ORD000091,CUST000055,2026-05-04 09:07:07,Completed,Website,281.81,14.09,267.72,EUR
ORD000092,CUST000191,2026-05-17 03:31:04,Returned,Mobile App,92.22,0.0,92.22,EUR
ORD000093,CUST000287,2026-05-01 16:47:32,Returned,Website,299.59,0.0,299.59,EUR
ORD000094,CUST000261,2026-05-24 19:26:58,Returned,Website,761.82,114.27,647.55,EUR
ORD000095,CUST000035,2026-05-23 00:36:44,Cancelled,Mobile App,7.73,0.77,6.96,EUR
ORD000096,CUST000343,2026-05-23 02:29:52,Cancelled,Website,1295.46,129.55,1165.91,EUR
ORD000097,CUST000098,2026-05-16 05:55:58,Completed,Website,590.58,59.06,531.52,EUR
ORD000098,CUST000374,2026-05-12 13:43:00,Completed,Mobile App,1440.77,216.12,1224.65,EUR
ORD000099,CUST000154,2026-05-14 09:45:23,Cancelled,Mobile App,1123.55,168.53,955.02,EUR
ORD000100,CUST000144,2026-05-25 18:13:10,Shipped,Mobile App,455.67,22.78,432.89,EUR
ORD000101,CUST000178,2026-05-24 01:20:38,Cancelled,Mobile App,918.24,0.0,918.24,EUR
ORD000102,CUST000131,2026-05-07 22:24:19,Completed,Website,1348.62,0.0,1348.62,EUR
ORD000103,CUST000158,2026-05-06 01:21:58,Completed,Mobile App,31.04,3.1,27.94,EUR
ORD000104,CUST000440,2026-05-19 08:31:37,Returned,Mobile App,878.55,0.0,878.55,EUR
ORD000105,CUST000309,2026-05-03 05:48:50,Shipped,Website,763.44,0.0,763.44,EUR
ORD000106,CUST000494,2026-05-03 15:43:38,Cancelled,Mobile App,776.96,0.0,776.96,EUR
ORD000107,CUST000158,2026-05-09 09:24:47,Returned,Website,390.92,0.0,390.92,EUR
ORD000108,CUST000262,2026-05-15 13:04:11,Shipped,Mobile App,96.44,14.47,81.97,EUR
ORD000109,CUST000359,2026-05-12 05:45:06,Cancelled,Mobile App,530.81,53.08,477.73,EUR
ORD000110,CUST000094,2026-05-01 14:56:10,Completed,Mobile App,168.21,8.41,159.8,EUR
ORD000111,CUST000298,2026-05-25 15:42:24,Completed,Mobile App,162.75,0.0,162.75,EUR
ORD000112,CUST000401,2026-05-05 21:41:44,Cancelled,Mobile App,904.92,135.74,769.18,EUR
ORD000113,CUST000446,2026-05-15 01:20:31,Completed,Mobile App,532.52,79.88,452.64,EUR
ORD000114,CUST000260,2026-05-12 18:13:47,Completed,Website,255.49,12.77,242.72,EUR
ORD000115,CUST000013,2026-05-21 03:10:13,Cancelled,Website,145.26,0.0,145.26,EUR
ORD000116,CUST000225,2026-05-18 20:33:26,Shipped,Website,351.91,17.6,334.31,EUR
ORD000117,CUST000237,2026-05-23 06:04:58,Completed,Website,158.43,7.92,150.51,EUR
ORD000118,CUST000191,2026-05-12 20:51:52,Shipped,Website,133.01,0.0,133.01,EUR
ORD000119,CUST000135,2026-05-07 00:55:02,Cancelled,Mobile App,877.28,0.0,877.28,EUR
ORD000120,CUST000497,2026-05-13 09:23:09,Completed,Website,1105.11,55.26,1049.85,EUR
ORD000121,CUST000259,2026-05-25 07:51:12,Completed,Website,731.22,36.56,694.66,EUR
ORD000122,CUST000033,2026-05-02 19:06:58,Completed,Mobile App,595.29,89.29,506.0,EUR
ORD000123,CUST000043,2026-05-14 09:52:59,Completed,Mobile App,457.16,45.72,411.44,EUR
ORD000124,CUST000349,2026-05-16 01:42:06,Cancelled,Website,111.24,16.69,94.55,EUR
ORD000125,CUST000127,2026-05-07 10:05:20,Completed,Mobile App,916.97,45.85,871.12,EUR
ORD000126,CUST000418,2026-05-14 04:21:02,Returned,Website,470.65,47.06,423.59,EUR
ORD000127,CUST000355,2026-05-02 02:37:43,Completed,Mobile App,787.42,78.74,708.68,EUR
ORD000128,CUST000144,2026-05-10 15:31:11,Cancelled,Mobile App,817.07,40.85,776.22,EUR
ORD000129,CUST000233,2026-05-21 22:57:46,Cancelled,Mobile App,768.91,38.45,730.46,EUR
ORD000130,CUST000220,2026-05-19 04:08:41,Cancelled,Website,1118.03,111.8,1006.23,EUR
ORD000131,CUST000155,2026-05-02 05:50:21,Completed,Website,542.03,0.0,542.03,EUR
ORD000132,CUST000471,2026-05-11 19:44:34,Completed,Mobile App,389.48,38.95,350.53,EUR
ORD000133,CUST000192,2026-05-16 07:17:42,Completed,Website,1090.67,163.6,927.07,EUR
ORD000134,CUST000329,2026-05-06 08:48:48,Completed,Mobile App,237.66,0.0,237.66,EUR
ORD000135,CUST000392,2026-05-12 21:39:52,Completed,Mobile App,1173.75,58.69,1115.06,EUR
ORD000136,CUST000393,2026-05-13 06:57:43,Completed,Mobile App,966.03,48.3,917.73,EUR
ORD000137,CUST000367,2026-05-02 17:29:11,Completed,Mobile App,138.44,13.84,124.6,EUR
ORD000138,CUST000142,2026-05-25 05:03:30,Cancelled,Mobile App,118.0,17.7,100.3,EUR
ORD000139,CUST000028,2026-05-02 15:04:49,Shipped,Mobile App,86.55,0.0,86.55,EUR
ORD000140,CUST000348,2026-05-12 14:07:44,Completed,Website,554.68,0.0,554.68,EUR
ORD000141,CUST000228,2026-05-09 11:05:57,Shipped,Mobile App,641.42,0.0,641.42,EUR
ORD000142,CUST000472,2026-05-16 17:08:34,Completed,Website,204.82,30.72,174.1,EUR
ORD000143,CUST000240,2026-05-05 03:10:43,Completed,Website,1281.76,128.18,1153.58,EUR
ORD000144,CUST000450,2026-05-15 07:36:47,Completed,Mobile App,32.29,1.61,30.68,EUR
ORD000145,CUST000256,2026-05-15 05:16:43,Cancelled,Website,1177.61,58.88,1118.73,EUR
ORD000146,CUST000317,2026-05-10 23:27:09,Completed,Mobile App,680.19,68.02,612.17,EUR
ORD000147,CUST000416,2026-05-08 17:28:15,Completed,Website,348.99,0.0,348.99,EUR
ORD000148,CUST000032,2026-05-13 05:01:11,Completed,Website,409.71,61.46,348.25,EUR
ORD000149,CUST000454,2026-05-04 09:50:05,Shipped,Mobile App,385.11,0.0,385.11,EUR
ORD000150,CUST000494,2026-05-04 11:22:38,Completed,Mobile App,810.31,121.55,688.76,EUR
ORD000151,CUST000085,2026-05-21 22:34:31,Completed,Website,349.55,0.0,349.55,EUR
ORD000152,CUST000389,2026-05-05 12:53:52,Completed,Mobile App,362.72,36.27,326.45,EUR
ORD000153,CUST000331,2026-05-08 04:18:14,Completed,Mobile App,169.69,8.48,161.21,EUR
ORD000154,CUST000157,2026-05-10 05:25:33,Cancelled,Mobile App,263.42,0.0,263.42,EUR
ORD000155,CUST000060,2026-05-15 17:34:53,Returned,Mobile App,889.21,0.0,889.21,EUR
ORD000156,CUST000306,2026-05-11 22:15:27,Cancelled,Website,596.44,0.0,596.44,EUR
ORD000157,CUST000316,2026-05-15 04:17:08,Cancelled,Website,624.46,62.45,562.01,EUR
ORD000158,CUST000463,2026-05-15 05:25:53,Cancelled,Website,231.2,23.12,208.08,EUR
ORD000159,CUST000342,2026-05-06 14:03:36,Cancelled,Mobile App,1059.31,158.9,900.41,EUR
ORD000160,CUST000080,2026-05-01 00:29:57,Cancelled,Mobile App,69.22,10.38,58.84,EUR
ORD000161,CUST000090,2026-05-04 22:54:27,Shipped,Website,670.78,0.0,670.78,EUR
ORD000162,CUST000186,2026-05-23 14:21:45,Shipped,Website,1033.8,0.0,1033.8,EUR
ORD000163,CUST000457,2026-05-23 05:07:24,Shipped,Website,262.94,39.44,223.5,EUR
ORD000164,CUST000352,2026-05-01 13:12:59,Completed,Website,188.99,18.9,170.09,EUR
ORD000165,CUST000328,2026-05-21 05:10:54,Cancelled,Mobile App,693.95,0.0,693.95,EUR
ORD000166,CUST000383,2026-05-17 04:11:56,Cancelled,Mobile App,665.05,0.0,665.05,EUR
ORD000167,CUST000108,2026-05-13 16:49:28,Shipped,Mobile App,68.16,10.22,57.94,EUR
ORD000168,CUST000131,2026-05-02 18:18:04,Completed,Website,211.95,31.79,180.16,EUR
ORD000169,CUST000279,2026-05-14 06:14:43,Completed,Mobile App,907.51,0.0,907.51,EUR
ORD000170,CUST000131,2026-05-11 08:58:52,Completed,Website,385.4,0.0,385.4,EUR
ORD000171,CUST000411,2026-05-21 21:32:30,Completed,Website,631.35,94.7,536.65,EUR
ORD000172,CUST000452,2026-05-03 01:51:57,Returned,Website,708.74,0.0,708.74,EUR
ORD000173,CUST000095,2026-05-09 02:15:05,Returned,Mobile App,155.77,7.79,147.98,EUR
ORD000174,CUST000424,2026-05-21 15:43:46,Completed,Website,627.06,94.06,533.0,EUR
ORD000175,CUST000333,2026-05-11 08:10:17,Completed,Mobile App,694.4,0.0,694.4,EUR
ORD000176,CUST000444,2026-05-23 12:47:35,Completed,Website,578.97,57.9,521.07,EUR
ORD000177,CUST000025,2026-05-25 00:14:01,Cancelled,Mobile App,523.24,26.16,497.08,EUR
ORD000178,CUST000481,2026-05-08 21:18:12,Returned,Website,581.21,0.0,581.21,EUR
ORD000179,CUST000281,2026-05-20 19:23:47,Completed,Mobile App,649.93,0.0,649.93,EUR
ORD000180,CUST000207,2026-05-20 05:21:55,Shipped,Mobile App,266.16,13.31,252.85,EUR
ORD000181,CUST000027,2026-05-14 01:17:52,Completed,Mobile App,925.48,92.55,832.93,EUR
ORD000182,CUST000470,2026-05-23 14:05:53,Cancelled,Website,112.77,0.0,112.77,EUR
ORD000183,CUST000276,2026-05-10 01:15:47,Completed,Mobile App,142.41,21.36,121.05,EUR
ORD000184,CUST000289,2026-05-03 16:43:14,Shipped,Mobile App,236.0,23.6,212.4,EUR
ORD000185,CUST000268,2026-05-24 01:43:34,Cancelled,Website,583.47,0.0,583.47,EUR
ORD000186,CUST000267,2026-05-12 21:24:32,Completed,Mobile App,298.81,14.94,283.87,EUR
ORD000187,CUST000137,2026-05-24 11:38:41,Returned,Mobile App,1002.67,150.4,852.27,EUR
ORD000188,CUST000438,2026-05-17 00:13:21,Completed,Mobile App,579.48,28.97,550.51,EUR
ORD000189,CUST000462,2026-05-06 14:18:34,Returned,Website,108.39,0.0,108.39,EUR
ORD000190,CUST000447,2026-05-01 15:11:12,Shipped,Website,693.69,104.05,589.64,EUR
ORD000191,CUST000035,2026-05-13 01:38:39,Shipped,Website,458.11,22.91,435.2,EUR
ORD000192,CUST000451,2026-05-08 01:49:39,Completed,Mobile App,506.76,0.0,506.76,EUR
ORD000193,CUST000479,2026-05-12 16:38:03,Shipped,Website,571.85,0.0,571.85,EUR
ORD000194,CUST000469,2026-05-19 10:41:53,Cancelled,Website,637.71,0.0,637.71,EUR
ORD000195,CUST000026,2026-05-24 04:20:02,Cancelled,Website,366.04,18.3,347.74,EUR
ORD000196,CUST000052,2026-05-15 02:32:10,Shipped,Mobile App,412.5,41.25,371.25,EUR
ORD000197,CUST000487,2026-05-10 18:15:07,Completed,Website,1051.44,0.0,1051.44,EUR
ORD000198,CUST000448,2026-05-21 10:01:41,Returned,Mobile App,232.75,0.0,232.75,EUR
ORD000199,CUST000156,2026-05-15 02:36:25,Completed,Website,111.81,11.18,100.63,EUR
ORD000200,CUST000025,2026-05-20 11:14:15,Completed,Website,164.51,24.68,139.83,EUR
ORD000201,CUST000051,2026-05-08 00:42:18,Returned,Website,106.95,0.0,106.95,EUR
ORD000202,CUST000192,2026-05-17 08:45:11,Shipped,Mobile App,90.68,0.0,90.68,EUR
ORD000203,CUST000380,2026-05-22 10:46:06,Cancelled,Mobile App,508.93,0.0,508.93,EUR
ORD000204,CUST000491,2026-05-15 11:54:05,Completed,Website,973.71,146.06,827.65,EUR
ORD000205,CUST000221,2026-05-16 07:21:33,Cancelled,Website,262.94,0.0,262.94,EUR
ORD000206,CUST000025,2026-05-10 09:42:16,Returned,Mobile App,285.96,42.89,243.07,EUR
ORD000207,CUST000089,2026-05-01 09:53:57,Shipped,Website,30.0,0.0,30.0,EUR
ORD000208,CUST000019,2026-05-15 02:17:20,Shipped,Website,1120.43,56.02,1064.41,EUR
ORD000209,CUST000281,2026-05-12 07:09:19,Completed,Website,754.16,75.42,678.74,EUR
ORD000210,CUST000294,2026-05-08 14:46:03,Completed,Mobile App,869.69,0.0,869.69,EUR
ORD000211,CUST000452,2026-05-11 14:41:12,Completed,Website,334.44,50.17,284.27,EUR
ORD000212,CUST000373,2026-05-06 16:49:36,Completed,Website,664.76,33.24,631.52,EUR
ORD000213,CUST000441,2026-05-02 02:45:21,Completed,Website,185.97,18.6,167.37,EUR
ORD000214,CUST000330,2026-05-15 07:47:13,Returned,Mobile App,29.1,2.91,26.19,EUR
ORD000215,CUST000360,2026-05-14 08:58:59,Completed,Mobile App,453.8,0.0,453.8,EUR
ORD000216,CUST000356,2026-05-18 07:19:40,Completed,Mobile App,263.1,39.47,223.63,EUR
ORD000217,CUST000401,2026-05-05 07:57:03,Completed,Mobile App,1846.38,92.32,1754.06,EUR
ORD000218,CUST000066,2026-05-13 16:28:38,Shipped,Mobile App,102.24,0.0,102.24,EUR
ORD000219,CUST000338,2026-05-14 12:53:40,Shipped,Website,925.12,138.77,786.35,EUR
ORD000220,CUST000154,2026-05-18 18:35:16,Completed,Website,789.62,78.96,710.66,EUR
ORD000221,CUST000365,2026-05-10 10:10:00,Returned,Mobile App,433.8,21.69,412.11,EUR
ORD000222,CUST000295,2026-05-20 23:31:28,Returned,Mobile App,499.08,74.86,424.22,EUR
ORD000223,CUST000016,2026-05-17 11:16:20,Shipped,Mobile App,988.95,148.34,840.61,EUR
ORD000224,CUST000423,2026-05-04 16:40:56,Completed,Mobile App,276.6,0.0,276.6,EUR
ORD000225,CUST000493,2026-05-16 19:17:48,Cancelled,Website,416.37,62.46,353.91,EUR
ORD000226,CUST000344,2026-05-12 03:56:49,Completed,Website,375.57,0.0,375.57,EUR
ORD000227,CUST000122,2026-05-13 19:10:32,Cancelled,Mobile App,1829.73,274.46,1555.27,EUR
ORD000228,CUST000170,2026-05-18 17:22:30,Completed,Mobile App,883.2,88.32,794.88,EUR
ORD000229,CUST000341,2026-05-05 20:35:26,Completed,Website,605.05,0.0,605.05,EUR
ORD000230,CUST000455,2026-05-22 04:39:20,Completed,Website,853.92,128.09,725.83,EUR
ORD000231,CUST000341,2026-05-10 03:06:55,Completed,Mobile App,1968.86,0.0,1968.86,EUR
ORD000232,CUST000143,2026-05-24 23:17:30,Completed,Mobile App,1162.21,0.0,1162.21,EUR
ORD000233,CUST000119,2026-05-10 02:51:41,Returned,Website,54.24,8.14,46.1,EUR
ORD000234,CUST000392,2026-05-18 21:26:00,Shipped,Website,799.35,0.0,799.35,EUR
ORD000235,CUST000330,2026-05-02 01:21:27,Cancelled,Website,1180.98,59.05,1121.93,EUR
ORD000236,CUST000028,2026-05-04 20:56:10,Cancelled,Mobile App,936.07,0.0,936.07,EUR
ORD000237,CUST000231,2026-05-13 10:56:40,Completed,Website,667.78,0.0,667.78,EUR
ORD000238,CUST000460,2026-05-11 07:58:28,Completed,Mobile App,408.05,0.0,408.05,EUR
ORD000239,CUST000497,2026-05-06 22:07:27,Returned,Mobile App,250.83,25.08,225.75,EUR
ORD000240,CUST000141,2026-05-20 22:33:25,Shipped,Website,790.81,118.62,672.19,EUR
ORD000241,CUST000207,2026-05-21 20:27:10,Shipped,Mobile App,1116.24,0.0,1116.24,EUR
ORD000242,CUST000487,2026-05-04 09:43:44,Completed,Mobile App,663.08,99.46,563.62,EUR
ORD000243,CUST000350,2026-05-21 21:13:20,Completed,Mobile App,308.32,30.83,277.49,EUR
ORD000244,CUST000356,2026-05-11 13:30:51,Cancelled,Website,743.4,74.34,669.06,EUR
ORD000245,CUST000353,2026-05-04 13:07:38,Shipped,Mobile App,1269.39,63.47,1205.92,EUR
ORD000246,CUST000123,2026-05-11 16:12:33,Completed,Mobile App,750.54,0.0,750.54,EUR
ORD000247,CUST000232,2026-05-15 20:36:00,Cancelled,Website,636.36,31.82,604.54,EUR
ORD000248,CUST000222,2026-05-02 03:19:43,Completed,Website,645.02,64.5,580.52,EUR
ORD000249,CUST000184,2026-05-21 10:58:53,Returned,Website,465.47,0.0,465.47,EUR
ORD000250,CUST000354,2026-05-15 03:46:53,Completed,Mobile App,1002.02,100.2,901.82,EUR
ORD000251,CUST000125,2026-05-11 07:25:03,Completed,Website,588.9,0.0,588.9,EUR
ORD000252,CUST000452,2026-05-10 06:18:53,Completed,Website,544.13,0.0,544.13,EUR
ORD000253,CUST000298,2026-05-22 16:56:32,Completed,Website,53.31,0.0,53.31,EUR
ORD000254,CUST000272,2026-05-08 16:20:27,Cancelled,Mobile App,1338.36,0.0,1338.36,EUR
ORD000255,CUST000486,2026-05-18 03:46:15,Completed,Website,390.5,19.53,370.97,EUR
ORD000256,CUST000077,2026-05-18 23:36:20,Returned,Mobile App,322.66,0.0,322.66,EUR
ORD000257,CUST000367,2026-05-20 12:51:14,Shipped,Website,1227.99,61.4,1166.59,EUR
ORD000258,CUST000465,2026-05-19 03:59:12,Completed,Website,510.33,51.03,459.3,EUR
ORD000259,CUST000397,2026-05-16 21:22:35,Shipped,Mobile App,456.53,22.83,433.7,EUR
ORD000260,CUST000466,2026-05-03 13:45:20,Shipped,Mobile App,174.67,26.2,148.47,EUR
ORD000261,CUST000181,2026-05-19 11:48:55,Shipped,Mobile App,429.95,43.0,386.95,EUR
ORD000262,CUST000095,2026-05-14 16:23:29,Completed,Website,758.4,0.0,758.4,EUR
ORD000263,CUST000025,2026-05-08 03:40:26,Completed,Website,441.73,22.09,419.64,EUR
ORD000264,CUST000083,2026-05-24 20:58:38,Completed,Mobile App,300.89,0.0,300.89,EUR
ORD000265,CUST000359,2026-05-20 12:14:07,Completed,Mobile App,657.95,65.8,592.15,EUR
ORD000266,CUST000123,2026-05-15 18:33:37,Completed,Mobile App,89.56,0.0,89.56,EUR
ORD000267,CUST000406,2026-05-02 12:35:44,Completed,Website,296.1,44.41,251.69,EUR
ORD000268,CUST000457,2026-05-18 10:52:57,Shipped,Mobile App,67.17,0.0,67.17,EUR
ORD000269,CUST000074,2026-05-07 22:40:58,Completed,Website,1052.5,0.0,1052.5,EUR
ORD000270,CUST000328,2026-05-14 12:10:04,Completed,Website,474.71,0.0,474.71,EUR
ORD000271,CUST000392,2026-05-17 22:46:26,Returned,Mobile App,553.66,27.68,525.98,EUR
ORD000272,CUST000009,2026-05-08 02:32:12,Completed,Mobile App,611.21,91.68,519.53,EUR
ORD000273,CUST000129,2026-05-17 22:28:20,Returned,Website,183.5,0.0,183.5,EUR
ORD000274,CUST000341,2026-05-24 10:10:04,Completed,Mobile App,58.2,2.91,55.29,EUR
ORD000275,CUST000359,2026-05-24 03:17:09,Shipped,Website,255.95,0.0,255.95,EUR
ORD000276,CUST000077,2026-05-18 01:31:21,Returned,Website,21.34,1.07,20.27,EUR
ORD000277,CUST000160,2026-05-21 15:09:21,Returned,Website,832.18,0.0,832.18,EUR
ORD000278,CUST000373,2026-05-23 20:25:45,Completed,Website,941.1,0.0,941.1,EUR
ORD000279,CUST000380,2026-05-18 21:03:06,Returned,Mobile App,1169.08,0.0,1169.08,EUR
ORD000280,CUST000432,2026-05-14 15:27:24,Completed,Website,209.37,0.0,209.37,EUR
ORD000281,CUST000401,2026-05-13 17:45:11,Cancelled,Website,136.84,0.0,136.84,EUR
ORD000282,CUST000014,2026-05-21 08:57:38,Completed,Mobile App,405.33,20.27,385.06,EUR
ORD000283,CUST000152,2026-05-11 20:37:10,Completed,Mobile App,674.58,33.73,640.85,EUR
ORD000284,CUST000238,2026-05-18 13:19:27,Completed,Website,596.19,0.0,596.19,EUR
ORD000285,CUST000028,2026-05-17 08:57:33,Returned,Mobile App,471.28,0.0,471.28,EUR
ORD000286,CUST000069,2026-05-17 06:20:09,Completed,Mobile App,1369.62,136.96,1232.66,EUR
ORD000287,CUST000193,2026-05-11 06:40:02,Completed,Mobile App,424.84,63.73,361.11,EUR
ORD000288,CUST000041,2026-05-03 15:16:49,Completed,Mobile App,364.28,0.0,364.28,EUR
ORD000289,CUST000138,2026-05-13 21:12:54,Shipped,Website,266.26,26.63,239.63,EUR
ORD000290,CUST000444,2026-05-07 03:04:15,Completed,Mobile App,929.36,46.47,882.89,EUR
ORD000291,CUST000487,2026-05-03 09:25:40,Completed,Website,44.78,2.24,42.54,EUR
ORD000292,CUST000231,2026-05-03 08:05:09,Cancelled,Mobile App,769.0,0.0,769.0,EUR
ORD000293,CUST000057,2026-05-04 06:30:53,Cancelled,Mobile App,1240.16,186.02,1054.14,EUR
ORD000294,CUST000429,2026-05-06 17:17:09,Completed,Website,266.28,13.31,252.97,EUR
ORD000295,CUST000111,2026-05-15 07:07:17,Completed,Mobile App,892.79,0.0,892.79,EUR
ORD000296,CUST000172,2026-05-24 14:05:01,Returned,Mobile App,900.51,90.05,810.46,EUR
ORD000297,CUST000144,2026-05-01 21:42:31,Completed,Mobile App,748.34,112.25,636.09,EUR
ORD000298,CUST000136,2026-05-06 11:25:56,Completed,Mobile App,261.58,0.0,261.58,EUR
ORD000299,CUST000327,2026-05-10 07:23:52,Returned,Website,764.4,76.44,687.96,EUR
ORD000300,CUST000457,2026-05-20 15:09:54,Completed,Mobile App,570.65,57.06,513.59,EUR
ORD000301,CUST000111,2026-05-25 14:59:06,Shipped,Website,1234.7,0.0,1234.7,EUR
ORD000302,CUST000026,2026-05-01 20:14:02,Cancelled,Mobile App,801.95,120.29,681.66,EUR
ORD000303,CUST000195,2026-05-25 05:00:24,Completed,Website,474.32,47.43,426.89,EUR
ORD000304,CUST000466,2026-05-13 22:29:42,Returned,Mobile App,507.89,0.0,507.89,EUR
ORD000305,CUST000283,2026-05-15 11:58:29,Completed,Website,419.19,62.88,356.31,EUR
ORD000306,CUST000037,2026-05-25 08:46:15,Shipped,Mobile App,877.39,87.74,789.65,EUR
ORD000307,CUST000141,2026-05-06 00:05:06,Completed,Website,960.53,0.0,960.53,EUR
ORD000308,CUST000053,2026-05-24 07:56:37,Completed,Mobile App,918.28,91.83,826.45,EUR
ORD000309,CUST000397,2026-05-02 18:30:05,Returned,Mobile App,443.11,0.0,443.11,EUR
ORD000310,CUST000411,2026-05-12 08:54:55,Cancelled,Mobile App,375.5,56.32,319.18,EUR
ORD000311,CUST000270,2026-05-06 06:58:40,Completed,Website,800.0,80.0,720.0,EUR
ORD000312,CUST000049,2026-05-12 07:57:32,Completed,Website,272.04,27.2,244.84,EUR
ORD000313,CUST000447,2026-05-06 07:17:35,Shipped,Mobile App,736.72,0.0,736.72,EUR
ORD000314,CUST000050,2026-05-09 20:48:57,Returned,Mobile App,836.14,0.0,836.14,EUR
ORD000315,CUST000211,2026-05-05 03:33:39,Shipped,Website,574.29,57.43,516.86,EUR
ORD000316,CUST000325,2026-05-24 17:54:43,Cancelled,Website,613.04,91.96,521.08,EUR
ORD000317,CUST000141,2026-05-22 03:17:49,Completed,Mobile App,761.84,0.0,761.84,EUR
ORD000318,CUST000020,2026-05-17 22:55:21,Returned,Mobile App,149.08,14.91,134.17,EUR
ORD000319,CUST000284,2026-05-15 10:18:00,Completed,Website,952.29,47.61,904.68,EUR
ORD000320,CUST000452,2026-05-21 01:35:34,Shipped,Mobile App,68.16,10.22,57.94,EUR
ORD000321,CUST000404,2026-05-04 20:51:11,Returned,Website,1230.79,0.0,1230.79,EUR
ORD000322,CUST000336,2026-05-20 07:17:07,Completed,Website,349.02,34.9,314.12,EUR
ORD000323,CUST000007,2026-05-23 21:45:22,Cancelled,Mobile App,1278.64,191.8,1086.84,EUR
ORD000324,CUST000481,2026-05-17 08:42:51,Completed,Website,753.32,75.33,677.99,EUR
ORD000325,CUST000400,2026-05-16 03:41:38,Completed,Mobile App,1128.65,169.3,959.35,EUR
ORD000326,CUST000390,2026-05-07 20:14:56,Returned,Mobile App,229.69,0.0,229.69,EUR
ORD000327,CUST000451,2026-05-11 15:46:07,Returned,Website,1401.41,70.07,1331.34,EUR
ORD000328,CUST000128,2026-05-23 19:03:28,Cancelled,Mobile App,630.57,0.0,630.57,EUR
ORD000329,CUST000020,2026-05-03 16:41:30,Cancelled,Website,43.18,0.0,43.18,EUR
ORD000330,CUST000388,2026-05-02 16:05:33,Shipped,Mobile App,166.19,24.93,141.26,EUR
ORD000331,CUST000197,2026-05-18 05:26:20,Completed,Website,38.31,0.0,38.31,EUR
ORD000332,CUST000094,2026-05-21 04:46:51,Shipped,Mobile App,940.64,0.0,940.64,EUR
ORD000333,CUST000425,2026-05-05 05:37:44,Completed,Website,235.01,0.0,235.01,EUR
ORD000334,CUST000109,2026-05-09 14:59:19,Shipped,Website,64.77,9.72,55.05,EUR
ORD000335,CUST000337,2026-05-16 15:08:39,Returned,Mobile App,422.52,21.13,401.39,EUR
ORD000336,CUST000303,2026-05-24 20:35:56,Completed,Website,111.24,5.56,105.68,EUR
ORD000337,CUST000384,2026-05-13 21:13:03,Returned,Mobile App,72.63,0.0,72.63,EUR
ORD000338,CUST000352,2026-05-19 02:51:06,Completed,Website,79.99,8.0,71.99,EUR
ORD000339,CUST000361,2026-05-23 08:25:28,Completed,Website,486.68,0.0,486.68,EUR
ORD000340,CUST000306,2026-05-18 22:13:43,Completed,Mobile App,399.69,39.97,359.72,EUR
ORD000341,CUST000488,2026-05-25 19:48:26,Shipped,Mobile App,559.36,27.97,531.39,EUR
ORD000342,CUST000223,2026-05-10 01:45:17,Completed,Mobile App,912.03,0.0,912.03,EUR
ORD000343,CUST000158,2026-05-12 06:51:19,Cancelled,Website,1531.75,76.59,1455.16,EUR
ORD000344,CUST000184,2026-05-23 00:49:09,Completed,Website,581.87,29.09,552.78,EUR
ORD000345,CUST000266,2026-05-19 11:10:47,Completed,Mobile App,34.08,5.11,28.97,EUR
ORD000346,CUST000280,2026-05-04 09:19:15,Completed,Mobile App,526.99,26.35,500.64,EUR
ORD000347,CUST000212,2026-05-19 05:57:34,Cancelled,Mobile App,140.44,21.07,119.37,EUR
ORD000348,CUST000060,2026-05-08 18:24:47,Cancelled,Website,671.04,100.66,570.38,EUR
ORD000349,CUST000235,2026-05-13 13:34:09,Completed,Website,642.72,0.0,642.72,EUR
ORD000350,CUST000061,2026-05-03 04:33:18,Completed,Website,563.04,0.0,563.04,EUR
ORD000351,CUST000469,2026-05-09 10:53:46,Completed,Mobile App,875.22,0.0,875.22,EUR
ORD000352,CUST000020,2026-05-16 10:56:36,Completed,Website,581.1,58.11,522.99,EUR
ORD000353,CUST000411,2026-05-07 02:37:43,Completed,Mobile App,863.4,43.17,820.23,EUR
ORD000354,CUST000038,2026-05-13 23:47:23,Shipped,Mobile App,910.89,0.0,910.89,EUR
ORD000355,CUST000157,2026-05-16 23:25:51,Returned,Mobile App,254.02,0.0,254.02,EUR
ORD000356,CUST000160,2026-05-10 18:37:39,Completed,Website,183.99,0.0,183.99,EUR
ORD000357,CUST000228,2026-05-07 23:31:48,Completed,Mobile App,1208.99,60.45,1148.54,EUR
ORD000358,CUST000258,2026-05-14 23:12:31,Completed,Mobile App,1155.28,0.0,1155.28,EUR
ORD000359,CUST000370,2026-05-05 11:25:46,Cancelled,Website,765.2,114.78,650.42,EUR
ORD000360,CUST000371,2026-05-06 14:49:07,Shipped,Website,859.94,85.99,773.95,EUR
ORD000361,CUST000226,2026-05-15 13:34:37,Completed,Website,82.14,4.11,78.03,EUR
ORD000362,CUST000311,2026-05-09 21:24:58,Completed,Mobile App,625.69,62.57,563.12,EUR
ORD000363,CUST000170,2026-05-02 23:25:54,Completed,Website,369.06,55.36,313.7,EUR
ORD000364,CUST000302,2026-05-22 23:39:29,Completed,Mobile App,168.98,0.0,168.98,EUR
ORD000365,CUST000393,2026-05-17 10:12:18,Completed,Website,301.69,0.0,301.69,EUR
ORD000366,CUST000095,2026-05-15 01:08:59,Completed,Mobile App,621.12,0.0,621.12,EUR
ORD000367,CUST000376,2026-05-17 14:19:26,Returned,Website,612.68,0.0,612.68,EUR
ORD000368,CUST000058,2026-05-06 18:38:41,Completed,Website,219.61,10.98,208.63,EUR
ORD000369,CUST000039,2026-05-25 11:34:38,Completed,Mobile App,256.17,12.81,243.36,EUR
ORD000370,CUST000291,2026-05-11 15:10:28,Completed,Website,222.97,0.0,222.97,EUR
ORD000371,CUST000268,2026-05-11 22:34:56,Completed,Mobile App,790.78,39.54,751.24,EUR
ORD000372,CUST000026,2026-05-18 06:14:41,Completed,Website,428.74,21.44,407.3,EUR
ORD000373,CUST000429,2026-05-24 01:27:23,Completed,Website,113.02,11.3,101.72,EUR
ORD000374,CUST000007,2026-05-06 18:22:57,Returned,Mobile App,179.4,8.97,170.43,EUR
ORD000375,CUST000357,2026-05-13 09:58:40,Completed,Mobile App,1429.71,71.49,1358.22,EUR
ORD000376,CUST000054,2026-05-22 01:33:44,Completed,Mobile App,44.76,6.71,38.05,EUR
ORD000377,CUST000255,2026-05-19 05:23:00,Shipped,Website,613.51,92.03,521.48,EUR
ORD000378,CUST000421,2026-05-03 20:03:04,Cancelled,Mobile App,58.2,8.73,49.47,EUR
ORD000379,CUST000377,2026-05-08 11:06:21,Cancelled,Website,1462.38,73.12,1389.26,EUR
ORD000380,CUST000204,2026-05-16 01:43:09,Cancelled,Mobile App,498.04,49.8,448.24,EUR
ORD000381,CUST000057,2026-05-07 05:18:04,Shipped,Website,757.92,0.0,757.92,EUR
ORD000382,CUST000462,2026-05-09 21:08:29,Returned,Website,491.88,49.19,442.69,EUR
ORD000383,CUST000341,2026-05-15 02:30:59,Completed,Website,287.7,0.0,287.7,EUR
ORD000384,CUST000147,2026-05-04 23:06:56,Completed,Mobile App,386.08,38.61,347.47,EUR
ORD000385,CUST000401,2026-05-08 20:39:38,Completed,Website,346.2,0.0,346.2,EUR
ORD000386,CUST000297,2026-05-07 04:48:22,Completed,Website,42.68,0.0,42.68,EUR
ORD000387,CUST000022,2026-05-07 03:32:48,Completed,Website,801.08,0.0,801.08,EUR
ORD000388,CUST000343,2026-05-08 21:51:27,Completed,Mobile App,435.09,0.0,435.09,EUR
ORD000389,CUST000030,2026-05-04 16:10:28,Shipped,Website,1036.08,155.41,880.67,EUR
ORD000390,CUST000194,2026-05-01 00:59:26,Completed,Mobile App,308.31,15.42,292.89,EUR
ORD000391,CUST000263,2026-05-09 15:21:18,Returned,Mobile App,1252.43,0.0,1252.43,EUR
ORD000392,CUST000242,2026-05-03 15:28:02,Completed,Mobile App,177.0,26.55,150.45,EUR
ORD000393,CUST000288,2026-05-24 04:19:17,Shipped,Website,653.38,98.01,555.37,EUR
ORD000394,CUST000039,2026-05-19 07:43:32,Returned,Website,67.17,3.36,63.81,EUR
ORD000395,CUST000482,2026-05-15 03:35:26,Shipped,Website,242.88,36.43,206.45,EUR
ORD000396,CUST000488,2026-05-24 04:44:28,Completed,Website,1201.57,120.16,1081.41,EUR
ORD000397,CUST000298,2026-05-23 06:34:23,Returned,Website,1742.38,261.36,1481.02,EUR
ORD000398,CUST000435,2026-05-14 03:30:18,Shipped,Mobile App,432.32,64.85,367.47,EUR
ORD000399,CUST000484,2026-05-11 09:20:54,Cancelled,Website,977.83,48.89,928.94,EUR
ORD000400,CUST000338,2026-05-08 16:30:01,Completed,Mobile App,274.33,0.0,274.33,EUR
ORD000401,CUST000020,2026-05-23 16:12:41,Shipped,Website,793.67,0.0,793.67,EUR
ORD000402,CUST000231,2026-05-04 21:28:11,Completed,Website,770.78,0.0,770.78,EUR
ORD000403,CUST000020,2026-05-23 20:49:39,Completed,Mobile App,533.97,80.1,453.87,EUR
ORD000404,CUST000159,2026-05-02 21:37:04,Cancelled,Mobile App,373.37,56.01,317.36,EUR
ORD000405,CUST000262,2026-05-24 21:19:50,Cancelled,Mobile App,545.32,27.27,518.05,EUR
ORD000406,CUST000084,2026-05-06 04:10:06,Returned,Mobile App,496.75,24.84,471.91,EUR
ORD000407,CUST000159,2026-05-07 12:09:42,Cancelled,Mobile App,162.56,8.13,154.43,EUR
ORD000408,CUST000140,2026-05-03 13:34:21,Completed,Mobile App,1154.24,0.0,1154.24,EUR
ORD000409,CUST000031,2026-05-15 11:11:39,Completed,Mobile App,387.66,38.77,348.89,EUR
ORD000410,CUST000310,2026-05-08 20:07:57,Completed,Mobile App,456.18,0.0,456.18,EUR
ORD000411,CUST000204,2026-05-17 12:18:43,Completed,Mobile App,512.63,76.89,435.74,EUR
ORD000412,CUST000160,2026-05-04 11:31:33,Returned,Website,510.1,51.01,459.09,EUR
ORD000413,CUST000183,2026-05-23 16:56:31,Completed,Mobile App,426.21,21.31,404.9,EUR
ORD000414,CUST000351,2026-05-16 22:02:19,Completed,Website,573.27,57.33,515.94,EUR
ORD000415,CUST000460,2026-05-24 08:16:29,Shipped,Website,427.56,21.38,406.18,EUR
ORD000416,CUST000304,2026-05-25 12:01:58,Shipped,Website,246.24,0.0,246.24,EUR
ORD000417,CUST000403,2026-05-07 14:05:35,Completed,Website,51.99,0.0,51.99,EUR
ORD000418,CUST000275,2026-05-08 19:12:21,Completed,Website,703.07,70.31,632.76,EUR
ORD000419,CUST000217,2026-05-16 01:33:18,Completed,Website,1181.79,0.0,1181.79,EUR
ORD000420,CUST000103,2026-05-16 11:44:59,Completed,Website,845.31,0.0,845.31,EUR
ORD000421,CUST000494,2026-05-20 07:56:28,Completed,Mobile App,1001.42,50.07,951.35,EUR
ORD000422,CUST000421,2026-05-19 02:47:11,Completed,Mobile App,1254.54,0.0,1254.54,EUR
ORD000423,CUST000109,2026-05-23 16:16:27,Completed,Website,71.44,10.72,60.72,EUR
ORD000424,CUST000211,2026-05-17 17:50:57,Returned,Website,460.98,0.0,460.98,EUR
ORD000425,CUST000096,2026-05-07 04:35:44,Returned,Website,693.78,0.0,693.78,EUR
ORD000426,CUST000096,2026-05-06 23:33:17,Shipped,Website,517.53,77.63,439.9,EUR
ORD000427,CUST000230,2026-05-18 14:50:24,Cancelled,Website,231.2,0.0,231.2,EUR
ORD000428,CUST000186,2026-05-13 12:09:33,Shipped,Mobile App,1768.14,88.41,1679.73,EUR
ORD000429,CUST000418,2026-05-11 17:22:41,Returned,Website,382.38,57.36,325.02,EUR
ORD000430,CUST000254,2026-05-18 18:28:50,Cancelled,Mobile App,259.65,12.98,246.67,EUR
ORD000431,CUST000191,2026-05-24 19:33:03,Completed,Website,1175.94,176.39,999.55,EUR
ORD000432,CUST000499,2026-05-21 11:29:19,Shipped,Mobile App,675.64,33.78,641.86,EUR
ORD000433,CUST000369,2026-05-06 00:37:57,Completed,Website,507.82,25.39,482.43,EUR
ORD000434,CUST000393,2026-05-10 15:49:33,Completed,Mobile App,1370.66,68.53,1302.13,EUR
ORD000435,CUST000270,2026-05-21 05:05:47,Completed,Website,656.22,0.0,656.22,EUR
ORD000436,CUST000044,2026-05-12 02:45:08,Completed,Mobile App,544.66,54.47,490.19,EUR
ORD000437,CUST000169,2026-05-02 17:39:40,Cancelled,Mobile App,721.08,0.0,721.08,EUR
ORD000438,CUST000196,2026-05-10 12:33:15,Completed,Website,50.57,5.06,45.51,EUR
ORD000439,CUST000496,2026-05-03 22:42:12,Returned,Website,381.59,57.24,324.35,EUR
ORD000440,CUST000241,2026-05-11 12:13:46,Cancelled,Website,914.75,137.21,777.54,EUR
ORD000441,CUST000403,2026-05-08 03:01:19,Returned,Website,398.99,59.85,339.14,EUR
ORD000442,CUST000136,2026-05-03 01:33:24,Completed,Website,951.07,142.66,808.41,EUR
ORD000443,CUST000039,2026-05-16 07:44:15,Completed,Mobile App,64.76,3.24,61.52,EUR
ORD000444,CUST000339,2026-05-15 02:01:28,Cancelled,Mobile App,61.56,3.08,58.48,EUR
ORD000445,CUST000015,2026-05-19 06:46:07,Completed,Website,179.04,26.86,152.18,EUR
ORD000446,CUST000033,2026-05-15 23:45:44,Shipped,Website,1103.62,165.54,938.08,EUR
ORD000447,CUST000222,2026-05-15 15:00:04,Completed,Mobile App,554.4,27.72,526.68,EUR
ORD000448,CUST000227,2026-05-11 11:44:18,Returned,Mobile App,1345.4,0.0,1345.4,EUR
ORD000449,CUST000139,2026-05-17 01:06:31,Completed,Mobile App,696.43,104.46,591.97,EUR
ORD000450,CUST000038,2026-05-07 00:57:41,Completed,Mobile App,553.99,55.4,498.59,EUR
ORD000451,CUST000381,2026-05-10 06:33:38,Cancelled,Website,492.62,0.0,492.62,EUR
ORD000452,CUST000183,2026-05-02 14:58:17,Completed,Mobile App,366.07,36.61,329.46,EUR
ORD000453,CUST000022,2026-05-10 08:08:12,Completed,Website,114.93,17.24,97.69,EUR
ORD000454,CUST000424,2026-05-22 04:01:05,Cancelled,Website,589.11,0.0,589.11,EUR
ORD000455,CUST000215,2026-05-02 09:08:18,Completed,Website,856.96,85.7,771.26,EUR
ORD000456,CUST000217,2026-05-18 20:48:02,Completed,Mobile App,827.61,41.38,786.23,EUR
ORD000457,CUST000458,2026-05-02 09:41:47,Completed,Website,113.45,0.0,113.45,EUR
ORD000458,CUST000275,2026-05-19 13:24:43,Completed,Website,333.6,50.04,283.56,EUR
ORD000459,CUST000149,2026-05-22 23:15:04,Completed,Website,624.59,62.46,562.13,EUR
ORD000460,CUST000153,2026-05-24 17:37:30,Completed,Mobile App,861.63,0.0,861.63,EUR
ORD000461,CUST000269,2026-05-16 10:07:48,Completed,Website,945.31,0.0,945.31,EUR
ORD000462,CUST000382,2026-05-24 21:17:14,Returned,Website,607.44,0.0,607.44,EUR
ORD000463,CUST000276,2026-05-17 05:07:25,Returned,Mobile App,559.49,0.0,559.49,EUR
ORD000464,CUST000161,2026-05-24 12:15:25,Shipped,Website,1519.97,0.0,1519.97,EUR
ORD000465,CUST000120,2026-05-10 17:26:24,Completed,Website,316.88,47.53,269.35,EUR
ORD000466,CUST000153,2026-05-09 04:00:59,Completed,Website,567.57,28.38,539.19,EUR
ORD000467,CUST000067,2026-05-01 05:52:36,Completed,Website,286.38,0.0,286.38,EUR
ORD000468,CUST000374,2026-05-10 05:49:25,Completed,Mobile App,230.23,23.02,207.21,EUR
ORD000469,CUST000330,2026-05-07 14:31:02,Completed,Website,182.16,0.0,182.16,EUR
ORD000470,CUST000415,2026-05-09 00:29:19,Cancelled,Mobile App,396.6,19.83,376.77,EUR
ORD000471,CUST000093,2026-05-24 05:44:52,Cancelled,Mobile App,771.37,115.71,655.66,EUR
ORD000472,CUST000408,2026-05-10 12:28:27,Completed,Mobile App,346.2,0.0,346.2,EUR
ORD000473,CUST000239,2026-05-09 21:23:09,Completed,Website,1086.88,0.0,1086.88,EUR
ORD000474,CUST000152,2026-05-02 23:46:28,Completed,Website,1016.08,0.0,1016.08,EUR
ORD000475,CUST000474,2026-05-20 22:11:59,Completed,Mobile App,501.27,25.06,476.21,EUR
ORD000476,CUST000170,2026-05-20 02:13:47,Returned,Mobile App,1035.49,103.55,931.94,EUR
ORD000477,CUST000120,2026-05-03 04:04:33,Completed,Website,93.12,4.66,88.46,EUR
ORD000478,CUST000186,2026-05-07 23:42:53,Completed,Website,134.28,20.14,114.14,EUR
ORD000479,CUST000257,2026-05-23 08:52:02,Completed,Mobile App,52.65,0.0,52.65,EUR
ORD000480,CUST000274,2026-05-07 20:40:18,Completed,Website,154.68,23.2,131.48,EUR
ORD000481,CUST000193,2026-05-15 11:02:21,Cancelled,Website,740.76,111.11,629.65,EUR
ORD000482,CUST000422,2026-05-17 03:21:20,Completed,Mobile App,291.39,0.0,291.39,EUR
ORD000483,CUST000243,2026-05-14 17:47:29,Cancelled,Website,1239.0,123.9,1115.1,EUR
ORD000484,CUST000246,2026-05-14 13:24:09,Cancelled,Mobile App,903.2,45.16,858.04,EUR
ORD000485,CUST000318,2026-05-09 19:48:40,Returned,Mobile App,1096.78,164.52,932.26,EUR
ORD000486,CUST000256,2026-05-03 07:08:53,Returned,Mobile App,423.72,42.37,381.35,EUR
ORD000487,CUST000190,2026-05-15 01:24:51,Completed,Website,785.62,117.84,667.78,EUR
ORD000488,CUST000445,2026-05-01 22:25:57,Shipped,Website,1423.47,0.0,1423.47,EUR
ORD000489,CUST000074,2026-05-22 23:11:37,Cancelled,Website,365.82,18.29,347.53,EUR
ORD000490,CUST000496,2026-05-22 08:41:49,Returned,Mobile App,562.96,28.15,534.81,EUR
ORD000491,CUST000118,2026-05-24 02:38:35,Completed,Website,1488.45,0.0,1488.45,EUR
ORD000492,CUST000039,2026-05-04 09:49:53,Shipped,Website,791.03,0.0,791.03,EUR
ORD000493,CUST000349,2026-05-03 02:49:51,Cancelled,Mobile App,290.0,0.0,290.0,EUR
ORD000494,CUST000202,2026-05-11 05:04:34,Completed,Website,465.72,0.0,465.72,EUR
ORD000495,CUST000060,2026-05-04 08:17:35,Completed,Website,385.76,38.58,347.18,EUR
ORD000496,CUST000115,2026-05-14 09:55:59,Cancelled,Mobile App,471.59,47.16,424.43,EUR
ORD000497,CUST000166,2026-05-09 12:04:51,Returned,Website,656.55,65.66,590.89,EUR
ORD000498,CUST000038,2026-05-16 07:45:40,Completed,Mobile App,44.76,6.71,38.05,EUR
ORD000499,CUST000339,2026-05-11 17:21:57,Completed,Website,811.82,40.59,771.23,EUR
ORD000500,CUST000373,2026-05-08 02:59:46,Cancelled,Mobile App,1320.36,132.04,1188.32,EUR
ORD000501,CUST000319,2026-05-08 09:11:40,Returned,Mobile App,305.55,30.56,274.99,EUR
ORD000502,CUST000462,2026-05-01 08:23:06,Completed,Mobile App,89.37,4.47,84.9,EUR
ORD000503,CUST000323,2026-05-10 22:54:57,Completed,Mobile App,1011.7,0.0,1011.7,EUR
ORD000504,CUST000317,2026-05-17 16:16:11,Cancelled,Mobile App,338.31,0.0,338.31,EUR
ORD000505,CUST000308,2026-05-01 13:14:15,Completed,Website,1354.61,135.46,1219.15,EUR
ORD000506,CUST000345,2026-05-05 16:21:40,Completed,Mobile App,386.63,57.99,328.64,EUR
ORD000507,CUST000339,2026-05-04 17:49:13,Returned,Mobile App,800.66,80.07,720.59,EUR
ORD000508,CUST000185,2026-05-08 09:26:09,Cancelled,Mobile App,274.14,41.12,233.02,EUR
ORD000509,CUST000023,2026-05-25 06:32:37,Completed,Website,466.86,23.34,443.52,EUR
ORD000510,CUST000249,2026-05-01 04:02:16,Completed,Website,395.2,59.28,335.92,EUR
ORD000511,CUST000437,2026-05-05 08:09:54,Returned,Mobile App,590.65,0.0,590.65,EUR
ORD000512,CUST000478,2026-05-07 08:53:12,Completed,Mobile App,264.02,13.2,250.82,EUR
ORD000513,CUST000279,2026-05-01 12:47:13,Completed,Mobile App,674.24,0.0,674.24,EUR
ORD000514,CUST000174,2026-05-20 09:48:38,Cancelled,Mobile App,664.4,66.44,597.96,EUR
ORD000515,CUST000149,2026-05-01 04:03:27,Returned,Mobile App,122.66,0.0,122.66,EUR
ORD000516,CUST000474,2026-05-05 15:30:28,Returned,Website,131.47,19.72,111.75,EUR
ORD000517,CUST000046,2026-05-01 20:52:43,Completed,Website,490.83,24.54,466.29,EUR
ORD000518,CUST000155,2026-05-08 06:38:21,Completed,Website,112.2,0.0,112.2,EUR
ORD000519,CUST000241,2026-05-13 11:51:43,Completed,Mobile App,162.72,8.14,154.58,EUR
ORD000520,CUST000390,2026-05-14 16:20:08,Completed,Mobile App,884.59,0.0,884.59,EUR
ORD000521,CUST000105,2026-05-22 04:50:27,Completed,Mobile App,582.64,29.13,553.51,EUR
ORD000522,CUST000193,2026-05-17 13:52:33,Shipped,Website,841.13,0.0,841.13,EUR
ORD000523,CUST000310,2026-05-08 02:00:50,Cancelled,Website,648.61,64.86,583.75,EUR
ORD000524,CUST000064,2026-05-25 21:27:06,Shipped,Mobile App,252.62,25.26,227.36,EUR
ORD000525,CUST000333,2026-05-22 02:16:15,Completed,Website,424.56,0.0,424.56,EUR
ORD000526,CUST000136,2026-05-04 12:51:56,Completed,Website,394.41,59.16,335.25,EUR
ORD000527,CUST000438,2026-05-01 20:09:16,Cancelled,Mobile App,184.72,27.71,157.01,EUR
ORD000528,CUST000189,2026-05-08 07:14:07,Completed,Mobile App,328.84,0.0,328.84,EUR
ORD000529,CUST000301,2026-05-03 06:33:08,Cancelled,Website,759.6,37.98,721.62,EUR
ORD000530,CUST000288,2026-05-23 03:54:19,Completed,Mobile App,111.2,0.0,111.2,EUR
ORD000531,CUST000106,2026-05-03 14:56:52,Completed,Website,90.68,13.6,77.08,EUR
ORD000532,CUST000188,2026-05-14 02:28:06,Shipped,Mobile App,1374.14,0.0,1374.14,EUR
ORD000533,CUST000120,2026-05-06 22:09:41,Completed,Website,777.62,0.0,777.62,EUR
ORD000534,CUST000203,2026-05-02 16:19:52,Shipped,Website,473.57,71.04,402.53,EUR
ORD000535,CUST000278,2026-05-06 09:41:45,Shipped,Mobile App,177.58,17.76,159.82,EUR
ORD000536,CUST000134,2026-05-10 23:08:46,Returned,Mobile App,266.02,39.9,226.12,EUR
ORD000537,CUST000260,2026-05-15 07:58:07,Completed,Mobile App,287.4,0.0,287.4,EUR
ORD000538,CUST000022,2026-05-13 15:33:31,Completed,Mobile App,237.74,0.0,237.74,EUR
ORD000539,CUST000249,2026-05-09 07:47:32,Shipped,Website,765.49,38.27,727.22,EUR
ORD000540,CUST000410,2026-05-21 05:11:37,Cancelled,Website,87.3,13.09,74.21,EUR
ORD000541,CUST000066,2026-05-07 00:28:12,Completed,Mobile App,911.84,91.18,820.66,EUR
ORD000542,CUST000444,2026-05-14 21:15:47,Completed,Mobile App,349.56,17.48,332.08,EUR
ORD000543,CUST000268,2026-05-12 04:23:03,Cancelled,Website,285.96,14.3,271.66,EUR
ORD000544,CUST000407,2026-05-22 15:17:26,Cancelled,Mobile App,81.26,0.0,81.26,EUR
ORD000545,CUST000372,2026-05-05 07:11:16,Cancelled,Website,770.32,115.55,654.77,EUR
ORD000546,CUST000069,2026-05-14 03:05:53,Completed,Mobile App,514.6,51.46,463.14,EUR
ORD000547,CUST000247,2026-05-15 17:47:12,Completed,Mobile App,184.44,9.22,175.22,EUR
ORD000548,CUST000169,2026-05-19 04:26:29,Completed,Mobile App,643.27,0.0,643.27,EUR
ORD000549,CUST000285,2026-05-06 13:33:03,Completed,Website,1503.84,0.0,1503.84,EUR
ORD000550,CUST000094,2026-05-25 04:14:28,Completed,Mobile App,46.24,2.31,43.93,EUR
ORD000551,CUST000482,2026-05-21 11:15:45,Returned,Mobile App,611.29,91.69,519.6,EUR
ORD000552,CUST000432,2026-05-06 09:11:26,Completed,Website,1211.14,0.0,1211.14,EUR
ORD000553,CUST000441,2026-05-22 23:09:06,Returned,Website,541.54,54.15,487.39,EUR
ORD000554,CUST000372,2026-05-07 11:32:39,Shipped,Website,841.43,126.21,715.22,EUR
ORD000555,CUST000316,2026-05-09 17:36:35,Completed,Mobile App,607.66,60.77,546.89,EUR
ORD000556,CUST000101,2026-05-12 19:53:16,Completed,Website,1109.92,0.0,1109.92,EUR
ORD000557,CUST000086,2026-05-08 22:18:33,Completed,Mobile App,982.55,0.0,982.55,EUR
ORD000558,CUST000264,2026-05-12 16:59:30,Completed,Website,374.65,18.73,355.92,EUR
ORD000559,CUST000141,2026-05-01 04:30:50,Returned,Website,1003.89,150.58,853.31,EUR
ORD000560,CUST000462,2026-05-05 18:02:13,Shipped,Website,529.23,52.92,476.31,EUR
ORD000561,CUST000243,2026-05-05 03:30:55,Completed,Website,903.36,45.17,858.19,EUR
ORD000562,CUST000493,2026-05-24 08:37:45,Shipped,Mobile App,952.84,47.64,905.2,EUR
ORD000563,CUST000344,2026-05-07 08:18:08,Returned,Mobile App,957.0,143.55,813.45,EUR
ORD000564,CUST000400,2026-05-01 10:21:08,Shipped,Website,39.22,5.88,33.34,EUR
ORD000565,CUST000336,2026-05-18 21:01:50,Cancelled,Website,783.96,117.59,666.37,EUR
ORD000566,CUST000336,2026-05-16 23:34:16,Completed,Mobile App,821.63,123.24,698.39,EUR
ORD000567,CUST000372,2026-05-22 13:07:19,Shipped,Website,379.82,18.99,360.83,EUR
ORD000568,CUST000128,2026-05-11 14:51:57,Cancelled,Mobile App,117.65,11.77,105.88,EUR
ORD000569,CUST000055,2026-05-13 18:42:52,Cancelled,Mobile App,226.9,0.0,226.9,EUR
ORD000570,CUST000396,2026-05-02 11:40:36,Cancelled,Website,1095.54,164.33,931.21,EUR
ORD000571,CUST000047,2026-05-12 12:47:48,Returned,Website,223.96,33.59,190.37,EUR
ORD000572,CUST000489,2026-05-12 12:48:43,Completed,Mobile App,1049.3,0.0,1049.3,EUR
ORD000573,CUST000154,2026-05-12 19:15:13,Completed,Website,129.16,19.37,109.79,EUR
ORD000574,CUST000440,2026-05-03 02:25:03,Shipped,Mobile App,201.36,0.0,201.36,EUR
ORD000575,CUST000183,2026-05-03 09:25:19,Completed,Website,815.18,81.52,733.66,EUR
ORD000576,CUST000183,2026-05-01 09:26:23,Completed,Mobile App,545.18,0.0,545.18,EUR
ORD000577,CUST000144,2026-05-01 07:46:40,Completed,Mobile App,831.16,83.12,748.04,EUR
ORD000578,CUST000215,2026-05-16 09:47:38,Shipped,Website,300.42,30.04,270.38,EUR
ORD000579,CUST000361,2026-05-21 13:15:11,Cancelled,Website,43.18,2.16,41.02,EUR
ORD000580,CUST000238,2026-05-23 04:13:20,Completed,Mobile App,567.6,0.0,567.6,EUR
ORD000581,CUST000364,2026-05-08 16:42:00,Cancelled,Website,492.92,0.0,492.92,EUR
ORD000582,CUST000139,2026-05-15 10:00:14,Completed,Website,70.2,7.02,63.18,EUR
ORD000583,CUST000110,2026-05-01 23:16:58,Shipped,Mobile App,257.07,25.71,231.36,EUR
ORD000584,CUST000176,2026-05-06 01:35:30,Shipped,Website,759.88,0.0,759.88,EUR
ORD000585,CUST000382,2026-05-02 02:46:45,Completed,Website,288.69,0.0,288.69,EUR
ORD000586,CUST000220,2026-05-17 14:40:16,Returned,Website,136.32,13.63,122.69,EUR
ORD000587,CUST000455,2026-05-05 12:57:33,Shipped,Website,290.96,14.55,276.41,EUR
ORD000588,CUST000461,2026-05-15 17:24:01,Shipped,Mobile App,756.29,0.0,756.29,EUR
ORD000589,CUST000414,2026-05-17 14:06:16,Cancelled,Mobile App,156.48,23.47,133.01,EUR
ORD000590,CUST000253,2026-05-07 18:33:04,Completed,Mobile App,516.2,0.0,516.2,EUR
ORD000591,CUST000246,2026-05-23 15:08:40,Completed,Website,40.63,4.06,36.57,EUR
ORD000592,CUST000226,2026-05-01 09:37:55,Completed,Mobile App,331.6,16.58,315.02,EUR
ORD000593,CUST000282,2026-05-22 15:44:38,Completed,Mobile App,798.57,79.86,718.71,EUR
ORD000594,CUST000115,2026-05-20 12:10:58,Returned,Website,680.72,34.04,646.68,EUR
ORD000595,CUST000147,2026-05-10 21:32:51,Completed,Website,188.87,9.44,179.43,EUR
ORD000596,CUST000229,2026-05-18 13:01:55,Shipped,Website,698.68,104.8,593.88,EUR
ORD000597,CUST000203,2026-05-25 23:27:42,Completed,Website,448.32,0.0,448.32,EUR
ORD000598,CUST000409,2026-05-03 23:09:33,Completed,Mobile App,415.65,0.0,415.65,EUR
ORD000599,CUST000485,2026-05-19 23:34:26,Returned,Mobile App,234.72,35.21,199.51,EUR
ORD000600,CUST000468,2026-05-12 21:49:33,Completed,Website,1087.91,108.79,979.12,EUR
ORD000601,CUST000245,2026-05-17 06:08:54,Cancelled,Mobile App,383.82,38.38,345.44,EUR
ORD000602,CUST000424,2026-05-19 09:08:57,Cancelled,Website,58.2,0.0,58.2,EUR
ORD000603,CUST000146,2026-05-04 17:25:25,Completed,Website,457.03,0.0,457.03,EUR
ORD000604,CUST000241,2026-05-19 06:04:50,Returned,Mobile App,298.43,44.76,253.67,EUR
ORD000605,CUST000331,2026-05-11 22:02:33,Completed,Website,558.79,27.94,530.85,EUR
ORD000606,CUST000206,2026-05-01 17:33:48,Shipped,Mobile App,184.72,0.0,184.72,EUR
ORD000607,CUST000430,2026-05-21 10:19:10,Completed,Website,607.35,0.0,607.35,EUR
ORD000608,CUST000302,2026-05-03 19:21:56,Shipped,Website,67.17,0.0,67.17,EUR
ORD000609,CUST000358,2026-05-05 06:33:27,Completed,Website,255.26,0.0,255.26,EUR
ORD000610,CUST000084,2026-05-13 18:45:14,Cancelled,Mobile App,211.64,31.75,179.89,EUR
ORD000611,CUST000111,2026-05-06 00:29:13,Shipped,Website,599.48,89.92,509.56,EUR
ORD000612,CUST000218,2026-05-12 06:49:40,Cancelled,Website,569.09,0.0,569.09,EUR
ORD000613,CUST000052,2026-05-17 01:38:48,Completed,Website,708.92,70.89,638.03,EUR
ORD000614,CUST000462,2026-05-12 08:14:01,Cancelled,Mobile App,448.32,44.83,403.49,EUR
ORD000615,CUST000124,2026-05-19 15:33:14,Completed,Mobile App,424.62,42.46,382.16,EUR
ORD000616,CUST000407,2026-05-06 12:42:44,Returned,Mobile App,736.23,0.0,736.23,EUR
ORD000617,CUST000349,2026-05-07 11:15:21,Completed,Mobile App,75.72,7.57,68.15,EUR
ORD000618,CUST000114,2026-05-23 20:33:42,Completed,Website,139.72,20.96,118.76,EUR
ORD000619,CUST000310,2026-05-09 11:59:11,Cancelled,Website,554.4,0.0,554.4,EUR
ORD000620,CUST000433,2026-05-11 17:20:26,Cancelled,Mobile App,268.94,13.45,255.49,EUR
ORD000621,CUST000231,2026-05-11 01:39:50,Completed,Mobile App,808.32,80.83,727.49,EUR
ORD000622,CUST000117,2026-05-14 03:18:41,Completed,Mobile App,735.87,73.59,662.28,EUR
ORD000623,CUST000481,2026-05-17 22:57:56,Returned,Website,946.31,47.32,898.99,EUR
ORD000624,CUST000319,2026-05-08 02:59:32,Completed,Mobile App,317.55,47.63,269.92,EUR
ORD000625,CUST000087,2026-05-01 13:25:18,Cancelled,Website,113.39,11.34,102.05,EUR
ORD000626,CUST000178,2026-05-09 23:32:14,Completed,Mobile App,533.03,53.3,479.73,EUR
ORD000627,CUST000439,2026-05-08 19:14:38,Returned,Website,786.46,117.97,668.49,EUR
ORD000628,CUST000271,2026-05-03 21:33:21,Completed,Mobile App,778.71,38.94,739.77,EUR
ORD000629,CUST000092,2026-05-04 09:14:05,Returned,Website,895.71,89.57,806.14,EUR
ORD000630,CUST000447,2026-05-13 01:38:18,Returned,Mobile App,677.99,0.0,677.99,EUR
ORD000631,CUST000072,2026-05-20 22:36:38,Completed,Website,96.87,0.0,96.87,EUR
ORD000632,CUST000406,2026-05-02 06:04:24,Shipped,Website,253.24,25.32,227.92,EUR
ORD000633,CUST000121,2026-05-01 15:38:10,Completed,Website,94.94,0.0,94.94,EUR
ORD000634,CUST000208,2026-05-17 12:12:57,Returned,Website,2097.69,0.0,2097.69,EUR
ORD000635,CUST000288,2026-05-21 20:10:10,Completed,Mobile App,466.04,0.0,466.04,EUR
ORD000636,CUST000450,2026-05-15 04:38:20,Shipped,Mobile App,281.06,0.0,281.06,EUR
ORD000637,CUST000418,2026-05-06 19:25:01,Completed,Mobile App,769.46,0.0,769.46,EUR
ORD000638,CUST000326,2026-05-01 17:35:33,Cancelled,Mobile App,591.33,59.13,532.2,EUR
ORD000639,CUST000075,2026-05-12 19:20:32,Returned,Website,669.81,0.0,669.81,EUR
ORD000640,CUST000276,2026-05-03 10:22:25,Completed,Mobile App,99.69,0.0,99.69,EUR
ORD000641,CUST000138,2026-05-12 22:56:31,Cancelled,Website,326.68,32.67,294.01,EUR
ORD000642,CUST000156,2026-05-10 17:30:28,Completed,Website,616.7,92.5,524.2,EUR
ORD000643,CUST000452,2026-05-05 18:11:20,Returned,Website,301.8,30.18,271.62,EUR
ORD000644,CUST000034,2026-05-06 01:45:21,Cancelled,Website,761.91,38.1,723.81,EUR
ORD000645,CUST000460,2026-05-16 19:43:42,Completed,Website,317.34,0.0,317.34,EUR
ORD000646,CUST000415,2026-05-15 03:07:22,Returned,Mobile App,899.14,134.87,764.27,EUR
ORD000647,CUST000067,2026-05-18 15:10:27,Returned,Mobile App,966.54,48.33,918.21,EUR
ORD000648,CUST000109,2026-05-12 15:19:49,Shipped,Mobile App,38.64,0.0,38.64,EUR
ORD000649,CUST000265,2026-05-13 00:34:18,Cancelled,Mobile App,571.96,57.2,514.76,EUR
ORD000650,CUST000152,2026-05-20 12:45:59,Cancelled,Website,933.22,0.0,933.22,EUR
ORD000651,CUST000017,2026-05-09 09:11:29,Completed,Mobile App,159.22,0.0,159.22,EUR
ORD000652,CUST000326,2026-05-24 16:31:14,Cancelled,Mobile App,669.29,66.93,602.36,EUR
ORD000653,CUST000124,2026-05-14 11:54:53,Completed,Website,239.75,0.0,239.75,EUR
ORD000654,CUST000482,2026-05-12 01:36:21,Completed,Mobile App,626.32,0.0,626.32,EUR
ORD000655,CUST000408,2026-05-21 00:22:33,Completed,Mobile App,200.0,0.0,200.0,EUR
ORD000656,CUST000370,2026-05-12 09:14:17,Cancelled,Mobile App,184.96,18.5,166.46,EUR
ORD000657,CUST000178,2026-05-25 00:05:17,Completed,Mobile App,630.67,0.0,630.67,EUR
ORD000658,CUST000316,2026-05-24 06:44:58,Returned,Mobile App,702.02,70.2,631.82,EUR
ORD000659,CUST000350,2026-05-21 09:27:14,Cancelled,Mobile App,525.88,26.29,499.59,EUR
ORD000660,CUST000220,2026-05-15 04:05:43,Completed,Website,188.21,28.23,159.98,EUR
ORD000661,CUST000175,2026-05-25 23:00:47,Shipped,Mobile App,787.8,118.17,669.63,EUR
ORD000662,CUST000412,2026-05-25 09:54:07,Returned,Mobile App,548.96,82.34,466.62,EUR
ORD000663,CUST000337,2026-05-04 18:29:16,Cancelled,Website,860.65,0.0,860.65,EUR
ORD000664,CUST000365,2026-05-19 14:17:26,Completed,Website,298.23,0.0,298.23,EUR
ORD000665,CUST000269,2026-05-01 19:16:54,Completed,Mobile App,772.54,0.0,772.54,EUR
ORD000666,CUST000094,2026-05-16 15:26:57,Completed,Mobile App,791.45,118.72,672.73,EUR
ORD000667,CUST000122,2026-05-11 01:54:05,Completed,Mobile App,705.64,0.0,705.64,EUR
ORD000668,CUST000131,2026-05-21 12:31:17,Shipped,Website,936.38,46.82,889.56,EUR
ORD000669,CUST000398,2026-05-03 06:16:08,Returned,Website,165.68,0.0,165.68,EUR
ORD000670,CUST000054,2026-05-11 01:15:09,Completed,Website,666.39,0.0,666.39,EUR
ORD000671,CUST000436,2026-05-24 19:12:10,Completed,Website,793.87,119.08,674.79,EUR
ORD000672,CUST000178,2026-05-04 00:55:40,Completed,Mobile App,419.61,41.96,377.65,EUR
ORD000673,CUST000348,2026-05-17 01:10:52,Completed,Mobile App,772.29,0.0,772.29,EUR
ORD000674,CUST000402,2026-05-03 15:24:59,Cancelled,Website,211.95,0.0,211.95,EUR
ORD000675,CUST000083,2026-05-08 21:59:42,Completed,Mobile App,1379.32,137.93,1241.39,EUR
ORD000676,CUST000165,2026-05-23 21:43:09,Cancelled,Website,1766.13,88.31,1677.82,EUR
ORD000677,CUST000001,2026-05-17 21:35:39,Completed,Mobile App,754.87,0.0,754.87,EUR
ORD000678,CUST000302,2026-05-13 09:43:44,Completed,Website,1383.11,0.0,1383.11,EUR
ORD000679,CUST000184,2026-05-25 23:40:18,Completed,Mobile App,167.22,16.72,150.5,EUR
ORD000680,CUST000437,2026-05-02 21:37:54,Completed,Website,403.41,0.0,403.41,EUR
ORD000681,CUST000073,2026-05-22 14:12:41,Shipped,Website,955.13,143.27,811.86,EUR
ORD000682,CUST000325,2026-05-14 15:09:27,Returned,Mobile App,500.9,0.0,500.9,EUR
ORD000683,CUST000481,2026-05-03 04:23:45,Returned,Website,92.48,0.0,92.48,EUR
ORD000684,CUST000004,2026-05-23 12:03:47,Shipped,Mobile App,243.51,24.35,219.16,EUR
ORD000685,CUST000090,2026-05-23 18:17:06,Completed,Website,592.03,59.2,532.83,EUR
ORD000686,CUST000408,2026-05-16 22:23:31,Cancelled,Mobile App,159.22,23.88,135.34,EUR
ORD000687,CUST000301,2026-05-02 21:13:15,Completed,Mobile App,454.74,0.0,454.74,EUR
ORD000688,CUST000331,2026-05-16 12:28:55,Shipped,Mobile App,937.32,140.6,796.72,EUR
ORD000689,CUST000416,2026-05-06 16:59:01,Completed,Mobile App,952.18,47.61,904.57,EUR
ORD000690,CUST000441,2026-05-13 18:19:31,Completed,Website,575.34,86.3,489.04,EUR
ORD000691,CUST000212,2026-05-23 03:46:00,Completed,Mobile App,542.08,27.1,514.98,EUR
ORD000692,CUST000486,2026-05-25 17:13:45,Completed,Website,112.77,16.92,95.85,EUR
ORD000693,CUST000458,2026-05-24 02:54:33,Completed,Website,301.8,15.09,286.71,EUR
ORD000694,CUST000186,2026-05-03 11:40:01,Returned,Mobile App,1406.86,140.69,1266.17,EUR
ORD000695,CUST000087,2026-05-23 19:02:17,Completed,Website,710.47,106.57,603.9,EUR
ORD000696,CUST000324,2026-05-08 06:56:25,Completed,Website,811.33,0.0,811.33,EUR
ORD000697,CUST000289,2026-05-11 00:08:57,Completed,Website,1273.99,191.1,1082.89,EUR
ORD000698,CUST000030,2026-05-22 11:18:17,Completed,Mobile App,1065.48,106.55,958.93,EUR
ORD000699,CUST000474,2026-05-02 08:43:43,Completed,Mobile App,505.99,0.0,505.99,EUR
ORD000700,CUST000230,2026-05-19 20:51:48,Completed,Website,100.96,0.0,100.96,EUR
ORD000701,CUST000362,2026-05-14 00:54:55,Cancelled,Mobile App,693.32,34.67,658.65,EUR
ORD000702,CUST000036,2026-05-15 09:04:01,Completed,Mobile App,79.22,7.92,71.3,EUR
ORD000703,CUST000197,2026-05-13 09:31:36,Completed,Mobile App,149.08,22.36,126.72,EUR
ORD000704,CUST000155,2026-05-13 00:46:16,Cancelled,Mobile App,534.44,53.44,481.0,EUR
ORD000705,CUST000080,2026-05-09 20:11:53,Completed,Mobile App,622.56,31.13,591.43,EUR
ORD000706,CUST000310,2026-05-06 15:03:42,Completed,Website,391.02,19.55,371.47,EUR
ORD000707,CUST000119,2026-05-16 04:49:31,Shipped,Mobile App,398.76,0.0,398.76,EUR
ORD000708,CUST000378,2026-05-19 06:16:04,Completed,Website,454.45,0.0,454.45,EUR
ORD000709,CUST000205,2026-05-19 01:17:04,Completed,Mobile App,1171.05,0.0,1171.05,EUR
ORD000710,CUST000470,2026-05-01 12:55:09,Returned,Mobile App,529.4,79.41,449.99,EUR
ORD000711,CUST000218,2026-05-08 19:43:05,Completed,Mobile App,82.26,12.34,69.92,EUR
ORD000712,CUST000495,2026-05-08 03:24:58,Completed,Mobile App,521.1,0.0,521.1,EUR
ORD000713,CUST000253,2026-05-01 23:54:02,Shipped,Website,149.11,0.0,149.11,EUR
ORD000714,CUST000020,2026-05-14 18:48:15,Returned,Website,44.76,4.48,40.28,EUR
ORD000715,CUST000173,2026-05-03 01:45:04,Completed,Mobile App,409.72,61.46,348.26,EUR
ORD000716,CUST000135,2026-05-17 11:42:39,Cancelled,Website,892.09,133.81,758.28,EUR
ORD000717,CUST000214,2026-05-16 05:50:30,Completed,Website,277.28,41.59,235.69,EUR
ORD000718,CUST000352,2026-05-12 00:20:58,Cancelled,Mobile App,409.9,0.0,409.9,EUR
ORD000719,CUST000459,2026-05-16 10:25:55,Shipped,Mobile App,832.58,124.89,707.69,EUR
ORD000720,CUST000428,2026-05-23 21:28:00,Cancelled,Mobile App,164.52,0.0,164.52,EUR
ORD000721,CUST000229,2026-05-02 12:24:39,Returned,Website,238.96,35.84,203.12,EUR
ORD000722,CUST000322,2026-05-08 08:44:06,Cancelled,Mobile App,82.14,4.11,78.03,EUR
ORD000723,CUST000351,2026-05-16 16:46:50,Shipped,Mobile App,149.87,7.49,142.38,EUR
ORD000724,CUST000396,2026-05-17 03:28:49,Returned,Mobile App,695.04,104.26,590.78,EUR
ORD000725,CUST000011,2026-05-17 01:47:08,Completed,Mobile App,444.8,22.24,422.56,EUR
ORD000726,CUST000200,2026-05-01 06:18:06,Returned,Mobile App,445.8,22.29,423.51,EUR
ORD000727,CUST000331,2026-05-06 07:36:33,Shipped,Website,513.2,51.32,461.88,EUR
ORD000728,CUST000487,2026-05-21 00:09:01,Completed,Website,705.09,105.76,599.33,EUR
ORD000729,CUST000070,2026-05-06 20:31:00,Completed,Mobile App,760.29,114.04,646.25,EUR
ORD000730,CUST000232,2026-05-12 08:51:06,Cancelled,Mobile App,54.24,0.0,54.24,EUR
ORD000731,CUST000219,2026-05-09 01:01:31,Cancelled,Website,661.04,0.0,661.04,EUR
ORD000732,CUST000274,2026-05-22 21:48:11,Shipped,Website,214.32,21.43,192.89,EUR
ORD000733,CUST000404,2026-05-07 18:24:08,Completed,Website,117.8,0.0,117.8,EUR
ORD000734,CUST000297,2026-05-02 23:56:03,Completed,Website,1063.68,0.0,1063.68,EUR
ORD000735,CUST000121,2026-05-24 16:24:53,Shipped,Website,223.13,0.0,223.13,EUR
ORD000736,CUST000401,2026-05-03 06:55:19,Completed,Mobile App,7.73,0.77,6.96,EUR
ORD000737,CUST000280,2026-05-03 17:16:03,Completed,Mobile App,277.2,0.0,277.2,EUR
ORD000738,CUST000358,2026-05-05 21:03:31,Cancelled,Website,1950.49,292.57,1657.92,EUR
ORD000739,CUST000277,2026-05-07 09:49:27,Completed,Mobile App,225.41,33.81,191.6,EUR
ORD000740,CUST000037,2026-05-12 22:18:50,Completed,Mobile App,884.37,88.44,795.93,EUR
ORD000741,CUST000177,2026-05-03 03:32:05,Shipped,Mobile App,231.84,23.18,208.66,EUR
ORD000742,CUST000443,2026-05-05 05:24:17,Returned,Website,196.61,19.66,176.95,EUR
ORD000743,CUST000465,2026-05-10 08:39:24,Returned,Website,465.49,69.82,395.67,EUR
ORD000744,CUST000272,2026-05-04 15:50:39,Cancelled,Website,187.82,0.0,187.82,EUR
ORD000745,CUST000164,2026-05-01 17:41:30,Completed,Website,123.39,0.0,123.39,EUR
ORD000746,CUST000172,2026-05-22 20:53:18,Cancelled,Website,566.97,0.0,566.97,EUR
ORD000747,CUST000187,2026-05-03 20:52:04,Shipped,Mobile App,886.29,0.0,886.29,EUR
ORD000748,CUST000404,2026-05-03 22:22:07,Completed,Website,306.34,15.32,291.02,EUR
ORD000749,CUST000457,2026-05-13 13:35:28,Completed,Website,717.4,35.87,681.53,EUR
ORD000750,CUST000391,2026-05-04 12:39:37,Returned,Website,923.24,92.32,830.92,EUR
ORD000751,CUST000194,2026-05-08 03:07:43,Completed,Website,651.74,97.76,553.98,EUR
ORD000752,CUST000337,2026-05-14 02:45:32,Cancelled,Website,239.16,23.92,215.24,EUR
ORD000753,CUST000047,2026-05-09 03:56:07,Cancelled,Mobile App,242.88,0.0,242.88,EUR
ORD000754,CUST000165,2026-05-22 19:28:33,Completed,Mobile App,870.75,43.54,827.21,EUR
ORD000755,CUST000175,2026-05-22 15:31:22,Completed,Mobile App,1335.02,0.0,1335.02,EUR
ORD000756,CUST000153,2026-05-12 08:51:10,Cancelled,Mobile App,891.84,0.0,891.84,EUR
ORD000757,CUST000045,2026-05-13 12:19:04,Completed,Website,1326.29,0.0,1326.29,EUR
ORD000758,CUST000297,2026-05-17 01:46:51,Completed,Mobile App,630.81,0.0,630.81,EUR
ORD000759,CUST000043,2026-05-20 02:13:50,Completed,Website,32.38,4.86,27.52,EUR
ORD000760,CUST000096,2026-05-10 01:17:43,Completed,Website,1271.76,0.0,1271.76,EUR
ORD000761,CUST000443,2026-05-23 10:12:42,Shipped,Mobile App,975.01,48.75,926.26,EUR
ORD000762,CUST000078,2026-05-03 14:07:38,Completed,Mobile App,439.34,43.93,395.41,EUR
ORD000763,CUST000114,2026-05-12 22:17:23,Completed,Website,96.73,9.67,87.06,EUR
ORD000764,CUST000252,2026-05-02 04:42:59,Shipped,Website,705.64,0.0,705.64,EUR
ORD000765,CUST000014,2026-05-22 08:17:47,Completed,Mobile App,1424.13,213.62,1210.51,EUR
ORD000766,CUST000068,2026-05-24 14:28:12,Completed,Website,700.73,0.0,700.73,EUR
ORD000767,CUST000212,2026-05-24 19:24:45,Completed,Mobile App,431.52,21.58,409.94,EUR
ORD000768,CUST000044,2026-05-15 08:22:46,Cancelled,Mobile App,302.39,0.0,302.39,EUR
ORD000769,CUST000293,2026-05-16 20:42:35,Shipped,Website,347.94,34.79,313.15,EUR
ORD000770,CUST000359,2026-05-06 00:48:52,Completed,Mobile App,427.24,21.36,405.88,EUR
ORD000771,CUST000018,2026-05-08 02:17:37,Completed,Website,910.55,45.53,865.02,EUR
ORD000772,CUST000436,2026-05-12 06:49:29,Shipped,Website,299.28,44.89,254.39,EUR
ORD000773,CUST000497,2026-05-23 02:42:26,Cancelled,Mobile App,344.68,17.23,327.45,EUR
ORD000774,CUST000124,2026-05-18 23:55:18,Completed,Website,752.1,112.81,639.29,EUR
ORD000775,CUST000181,2026-05-02 14:19:25,Completed,Mobile App,58.83,0.0,58.83,EUR
ORD000776,CUST000260,2026-05-11 12:19:13,Completed,Mobile App,268.8,0.0,268.8,EUR
ORD000777,CUST000039,2026-05-23 16:29:42,Cancelled,Mobile App,285.76,28.58,257.18,EUR
ORD000778,CUST000353,2026-05-17 06:50:03,Completed,Website,199.71,29.96,169.75,EUR
ORD000779,CUST000145,2026-05-07 04:10:48,Completed,Mobile App,1514.13,227.12,1287.01,EUR
ORD000780,CUST000172,2026-05-10 03:37:46,Shipped,Website,643.01,0.0,643.01,EUR
ORD000781,CUST000459,2026-05-20 23:13:31,Returned,Website,1085.09,162.76,922.33,EUR
ORD000782,CUST000269,2026-05-04 02:26:27,Completed,Website,1333.88,0.0,1333.88,EUR
ORD000783,CUST000347,2026-05-18 08:44:35,Completed,Website,113.45,0.0,113.45,EUR
ORD000784,CUST000249,2026-05-10 17:13:31,Completed,Mobile App,493.04,49.3,443.74,EUR
ORD000785,CUST000320,2026-05-03 09:07:19,Shipped,Website,615.74,0.0,615.74,EUR
ORD000786,CUST000295,2026-05-09 16:36:25,Shipped,Website,345.08,17.25,327.83,EUR
ORD000787,CUST000456,2026-05-11 08:58:37,Completed,Website,216.57,0.0,216.57,EUR
ORD000788,CUST000133,2026-05-10 14:51:33,Completed,Mobile App,811.43,0.0,811.43,EUR
ORD000789,CUST000073,2026-05-04 06:58:09,Completed,Mobile App,188.21,0.0,188.21,EUR
ORD000790,CUST000305,2026-05-08 19:25:42,Shipped,Website,669.6,100.44,569.16,EUR
ORD000791,CUST000118,2026-05-24 21:32:19,Completed,Mobile App,374.58,56.19,318.39,EUR
ORD000792,CUST000364,2026-05-13 00:30:12,Completed,Mobile App,591.57,0.0,591.57,EUR
ORD000793,CUST000311,2026-05-16 14:35:50,Returned,Mobile App,755.96,75.6,680.36,EUR
ORD000794,CUST000495,2026-05-08 13:13:48,Cancelled,Website,824.44,82.44,742.0,EUR
ORD000795,CUST000138,2026-05-17 12:49:35,Completed,Mobile App,596.44,29.82,566.62,EUR
ORD000796,CUST000447,2026-05-22 10:07:43,Completed,Mobile App,393.77,39.38,354.39,EUR
ORD000797,CUST000127,2026-05-06 18:33:42,Completed,Website,377.65,0.0,377.65,EUR
ORD000798,CUST000367,2026-05-05 23:46:23,Shipped,Website,156.48,23.47,133.01,EUR
ORD000799,CUST000397,2026-05-13 11:49:58,Shipped,Website,679.8,0.0,679.8,EUR
ORD000800,CUST000125,2026-05-15 16:15:29,Shipped,Website,324.81,32.48,292.33,EUR
ORD000801,CUST000342,2026-05-11 14:32:00,Completed,Website,612.9,30.64,582.26,EUR
ORD000802,CUST000414,2026-05-06 00:22:25,Shipped,Website,209.82,0.0,209.82,EUR
ORD000803,CUST000468,2026-05-16 16:29:36,Completed,Website,1014.91,50.75,964.16,EUR
ORD000804,CUST000378,2026-05-10 14:22:51,Cancelled,Website,466.61,23.33,443.28,EUR
ORD000805,CUST000129,2026-05-15 00:44:28,Completed,Website,546.28,0.0,546.28,EUR
ORD000806,CUST000370,2026-05-08 03:08:59,Completed,Mobile App,131.6,0.0,131.6,EUR
ORD000807,CUST000321,2026-05-12 14:13:44,Cancelled,Website,764.36,76.44,687.92,EUR
ORD000808,CUST000079,2026-05-17 13:46:08,Returned,Website,495.1,49.51,445.59,EUR
ORD000809,CUST000229,2026-05-20 08:59:57,Completed,Mobile App,350.75,0.0,350.75,EUR
ORD000810,CUST000354,2026-05-03 00:14:01,Completed,Mobile App,938.79,0.0,938.79,EUR
ORD000811,CUST000272,2026-05-09 09:12:03,Returned,Mobile App,184.68,27.7,156.98,EUR
ORD000812,CUST000191,2026-05-20 03:31:53,Shipped,Mobile App,822.34,123.35,698.99,EUR
ORD000813,CUST000239,2026-05-22 01:05:37,Cancelled,Mobile App,558.75,0.0,558.75,EUR
ORD000814,CUST000363,2026-05-19 07:50:46,Completed,Mobile App,421.08,63.16,357.92,EUR
ORD000815,CUST000265,2026-05-21 23:38:33,Completed,Website,1064.66,53.23,1011.43,EUR
ORD000816,CUST000227,2026-05-14 00:28:52,Returned,Mobile App,62.08,9.31,52.77,EUR
ORD000817,CUST000293,2026-05-11 11:41:26,Completed,Website,448.15,0.0,448.15,EUR
ORD000818,CUST000296,2026-05-22 09:56:21,Returned,Website,534.38,0.0,534.38,EUR
ORD000819,CUST000334,2026-05-10 23:29:49,Completed,Mobile App,1227.72,122.77,1104.95,EUR
ORD000820,CUST000431,2026-05-09 13:05:53,Completed,Mobile App,712.26,0.0,712.26,EUR
ORD000821,CUST000029,2026-05-18 12:30:55,Completed,Website,285.76,0.0,285.76,EUR
ORD000822,CUST000248,2026-05-08 02:42:59,Completed,Website,1060.9,53.05,1007.85,EUR
ORD000823,CUST000313,2026-05-25 12:57:29,Shipped,Mobile App,644.36,0.0,644.36,EUR
ORD000824,CUST000458,2026-05-03 20:04:00,Completed,Website,527.7,0.0,527.7,EUR
ORD000825,CUST000308,2026-05-15 03:40:05,Completed,Mobile App,1147.95,57.4,1090.55,EUR
ORD000826,CUST000225,2026-05-07 21:03:06,Cancelled,Mobile App,569.31,28.47,540.84,EUR
ORD000827,CUST000017,2026-05-22 00:50:25,Shipped,Mobile App,511.8,51.18,460.62,EUR
ORD000828,CUST000411,2026-05-01 02:22:43,Returned,Website,290.08,0.0,290.08,EUR
ORD000829,CUST000282,2026-05-01 12:58:44,Cancelled,Mobile App,505.3,25.27,480.03,EUR
ORD000830,CUST000313,2026-05-11 21:05:24,Completed,Website,59.0,8.85,50.15,EUR
ORD000831,CUST000452,2026-05-11 10:45:23,Shipped,Website,851.97,127.8,724.17,EUR
ORD000832,CUST000427,2026-05-05 18:28:42,Completed,Website,245.32,0.0,245.32,EUR
ORD000833,CUST000364,2026-05-14 05:42:44,Returned,Mobile App,817.36,0.0,817.36,EUR
ORD000834,CUST000098,2026-05-09 01:16:15,Cancelled,Mobile App,535.44,0.0,535.44,EUR
ORD000835,CUST000375,2026-05-19 03:43:59,Shipped,Mobile App,721.57,108.24,613.33,EUR
ORD000836,CUST000227,2026-05-19 01:02:21,Shipped,Website,32.38,4.86,27.52,EUR
ORD000837,CUST000226,2026-05-05 20:13:35,Returned,Mobile App,803.41,0.0,803.41,EUR
ORD000838,CUST000408,2026-05-01 19:34:56,Completed,Mobile App,434.76,65.21,369.55,EUR
ORD000839,CUST000205,2026-05-01 09:47:43,Completed,Website,422.62,0.0,422.62,EUR
ORD000840,CUST000470,2026-05-13 08:59:28,Cancelled,Website,583.36,87.5,495.86,EUR
ORD000841,CUST000131,2026-05-14 07:28:13,Completed,Website,1422.23,71.11,1351.12,EUR
ORD000842,CUST000010,2026-05-07 20:50:57,Cancelled,Mobile App,810.64,121.6,689.04,EUR
ORD000843,CUST000395,2026-05-25 22:13:56,Shipped,Mobile App,581.49,58.15,523.34,EUR
ORD000844,CUST000281,2026-05-20 01:57:58,Completed,Website,162.56,0.0,162.56,EUR
ORD000845,CUST000413,2026-05-05 22:32:13,Cancelled,Website,716.32,35.82,680.5,EUR
ORD000846,CUST000262,2026-05-23 06:43:48,Returned,Website,189.88,9.49,180.39,EUR
ORD000847,CUST000094,2026-05-07 12:17:54,Cancelled,Website,382.38,0.0,382.38,EUR
ORD000848,CUST000202,2026-05-24 12:45:30,Shipped,Website,747.57,0.0,747.57,EUR
ORD000849,CUST000001,2026-05-24 20:58:20,Completed,Mobile App,372.16,55.82,316.34,EUR
ORD000850,CUST000292,2026-05-13 19:19:31,Returned,Mobile App,217.89,10.89,207.0,EUR
ORD000851,CUST000421,2026-05-19 14:45:33,Completed,Website,198.5,19.85,178.65,EUR
ORD000852,CUST000322,2026-05-18 04:50:36,Shipped,Website,349.34,17.47,331.87,EUR
ORD000853,CUST000301,2026-05-15 19:04:04,Cancelled,Website,380.91,38.09,342.82,EUR
ORD000854,CUST000356,2026-05-06 23:30:45,Completed,Mobile App,354.96,0.0,354.96,EUR
ORD000855,CUST000132,2026-05-16 22:48:06,Returned,Mobile App,274.56,41.18,233.38,EUR
ORD000856,CUST000074,2026-05-13 19:27:17,Completed,Mobile App,257.34,38.6,218.74,EUR
ORD000857,CUST000346,2026-05-13 11:10:37,Completed,Mobile App,414.38,0.0,414.38,EUR
ORD000858,CUST000209,2026-05-15 06:13:46,Shipped,Mobile App,139.97,0.0,139.97,EUR
ORD000859,CUST000408,2026-05-22 05:44:35,Returned,Website,1163.06,0.0,1163.06,EUR
ORD000860,CUST000043,2026-05-14 19:48:32,Completed,Mobile App,594.2,0.0,594.2,EUR
ORD000861,CUST000091,2026-05-04 16:08:11,Completed,Website,736.89,0.0,736.89,EUR
ORD000862,CUST000201,2026-05-20 08:39:34,Completed,Mobile App,437.51,21.88,415.63,EUR
ORD000863,CUST000445,2026-05-15 18:39:45,Completed,Mobile App,183.95,27.59,156.36,EUR
ORD000864,CUST000004,2026-05-12 08:20:04,Shipped,Website,755.96,0.0,755.96,EUR
ORD000865,CUST000010,2026-05-01 21:57:32,Completed,Mobile App,138.01,13.8,124.21,EUR
ORD000866,CUST000464,2026-05-09 01:38:17,Completed,Website,736.56,73.66,662.9,EUR
ORD000867,CUST000289,2026-05-23 00:42:10,Completed,Website,748.08,0.0,748.08,EUR
ORD000868,CUST000433,2026-05-06 23:52:37,Shipped,Website,927.62,0.0,927.62,EUR
ORD000869,CUST000294,2026-05-20 08:39:48,Cancelled,Website,1633.7,163.37,1470.33,EUR
ORD000870,CUST000451,2026-05-10 01:21:36,Returned,Website,431.94,0.0,431.94,EUR
ORD000871,CUST000218,2026-05-14 23:38:15,Shipped,Website,332.19,33.22,298.97,EUR
ORD000872,CUST000239,2026-05-06 11:26:25,Shipped,Website,757.68,75.77,681.91,EUR
ORD000873,CUST000251,2026-05-25 18:14:41,Shipped,Mobile App,511.53,51.15,460.38,EUR
ORD000874,CUST000151,2026-05-10 15:02:10,Returned,Website,341.07,0.0,341.07,EUR
ORD000875,CUST000055,2026-05-25 17:23:24,Returned,Website,336.6,33.66,302.94,EUR
ORD000876,CUST000439,2026-05-09 02:30:21,Completed,Mobile App,1385.29,207.79,1177.5,EUR
ORD000877,CUST000332,2026-05-03 20:47:30,Shipped,Mobile App,528.19,26.41,501.78,EUR
ORD000878,CUST000423,2026-05-09 04:02:02,Completed,Mobile App,452.72,0.0,452.72,EUR
ORD000879,CUST000442,2026-05-04 00:13:33,Shipped,Website,53.63,0.0,53.63,EUR
ORD000880,CUST000463,2026-05-15 11:35:48,Returned,Website,1289.59,193.44,1096.15,EUR
ORD000881,CUST000476,2026-05-17 23:54:19,Completed,Website,558.83,83.82,475.01,EUR
ORD000882,CUST000202,2026-05-17 22:36:43,Shipped,Website,1078.58,107.86,970.72,EUR
ORD000883,CUST000186,2026-05-20 14:22:23,Completed,Website,649.32,64.93,584.39,EUR
ORD000884,CUST000313,2026-05-16 16:20:48,Completed,Mobile App,527.46,79.12,448.34,EUR
ORD000885,CUST000155,2026-05-25 09:13:34,Completed,Mobile App,385.35,38.54,346.81,EUR
ORD000886,CUST000124,2026-05-20 09:52:09,Completed,Website,226.6,11.33,215.27,EUR
ORD000887,CUST000218,2026-05-25 18:44:00,Shipped,Mobile App,51.56,0.0,51.56,EUR
ORD000888,CUST000123,2026-05-22 07:54:47,Completed,Mobile App,463.91,46.39,417.52,EUR
ORD000889,CUST000194,2026-05-13 12:48:44,Completed,Website,311.09,0.0,311.09,EUR
ORD000890,CUST000492,2026-05-18 12:59:02,Shipped,Mobile App,1008.87,0.0,1008.87,EUR
ORD000891,CUST000058,2026-05-22 08:29:39,Returned,Website,764.93,76.49,688.44,EUR
ORD000892,CUST000400,2026-05-23 03:45:46,Cancelled,Website,471.51,23.58,447.93,EUR
ORD000893,CUST000194,2026-05-14 07:26:29,Returned,Mobile App,273.14,40.97,232.17,EUR
ORD000894,CUST000236,2026-05-17 14:09:37,Returned,Website,656.0,32.8,623.2,EUR
ORD000895,CUST000038,2026-05-22 14:28:49,Returned,Mobile App,127.27,0.0,127.27,EUR
ORD000896,CUST000306,2026-05-23 02:00:23,Cancelled,Mobile App,676.15,67.61,608.54,EUR
ORD000897,CUST000296,2026-05-22 02:30:01,Completed,Mobile App,1142.23,0.0,1142.23,EUR
ORD000898,CUST000002,2026-05-16 16:21:20,Completed,Website,368.88,55.33,313.55,EUR
ORD000899,CUST000001,2026-05-22 01:52:10,Returned,Mobile App,258.31,0.0,258.31,EUR
ORD000900,CUST000331,2026-05-05 16:31:01,Completed,Website,376.92,0.0,376.92,EUR
ORD000901,CUST000491,2026-05-04 17:56:58,Cancelled,Mobile App,871.37,0.0,871.37,EUR
ORD000902,CUST000031,2026-05-17 22:29:23,Shipped,Website,374.52,18.73,355.79,EUR
ORD000903,CUST000135,2026-05-10 21:17:32,Completed,Website,823.65,0.0,823.65,EUR
ORD000904,CUST000237,2026-05-25 06:35:31,Shipped,Website,319.23,31.92,287.31,EUR
ORD000905,CUST000462,2026-05-05 09:08:30,Shipped,Mobile App,586.94,29.35,557.59,EUR
ORD000906,CUST000487,2026-05-20 13:45:17,Completed,Mobile App,368.96,18.45,350.51,EUR
ORD000907,CUST000311,2026-05-16 11:45:57,Returned,Website,269.84,26.98,242.86,EUR
ORD000908,CUST000218,2026-05-04 10:58:48,Completed,Website,550.17,27.51,522.66,EUR
ORD000909,CUST000236,2026-05-04 12:03:40,Completed,Website,796.02,39.8,756.22,EUR
ORD000910,CUST000014,2026-05-05 15:25:03,Cancelled,Mobile App,672.78,100.92,571.86,EUR
ORD000911,CUST000081,2026-05-01 23:52:16,Completed,Website,191.09,9.55,181.54,EUR
ORD000912,CUST000347,2026-05-18 08:28:47,Cancelled,Mobile App,287.49,28.75,258.74,EUR
ORD000913,CUST000378,2026-05-07 19:16:05,Shipped,Website,897.08,89.71,807.37,EUR
ORD000914,CUST000241,2026-05-08 14:36:56,Completed,Mobile App,1268.2,190.23,1077.97,EUR
ORD000915,CUST000179,2026-05-08 22:23:59,Cancelled,Mobile App,181.63,18.16,163.47,EUR
ORD000916,CUST000214,2026-05-10 01:40:46,Shipped,Mobile App,162.72,8.14,154.58,EUR
ORD000917,CUST000363,2026-05-06 14:17:09,Cancelled,Website,62.3,9.34,52.96,EUR
ORD000918,CUST000490,2026-05-06 18:41:07,Cancelled,Mobile App,1184.0,177.6,1006.4,EUR
ORD000919,CUST000442,2026-05-14 16:23:21,Completed,Mobile App,830.36,83.04,747.32,EUR
ORD000920,CUST000173,2026-05-17 05:38:53,Returned,Mobile App,473.55,47.35,426.2,EUR
ORD000921,CUST000302,2026-05-02 04:39:50,Completed,Website,115.6,5.78,109.82,EUR
ORD000922,CUST000348,2026-05-02 10:49:31,Returned,Mobile App,459.76,45.98,413.78,EUR
ORD000923,CUST000273,2026-05-08 04:05:12,Completed,Website,1076.5,0.0,1076.5,EUR
ORD000924,CUST000421,2026-05-20 14:30:54,Completed,Website,859.02,42.95,816.07,EUR
ORD000925,CUST000292,2026-05-24 13:25:41,Completed,Website,262.94,13.15,249.79,EUR
ORD000926,CUST000452,2026-05-19 22:36:20,Shipped,Mobile App,469.45,0.0,469.45,EUR
ORD000927,CUST000153,2026-05-05 03:06:54,Completed,Mobile App,497.44,49.74,447.7,EUR
ORD000928,CUST000392,2026-05-04 11:41:45,Completed,Mobile App,37.27,0.0,37.27,EUR
ORD000929,CUST000459,2026-05-07 22:06:10,Completed,Mobile App,272.04,27.2,244.84,EUR
ORD000930,CUST000182,2026-05-15 19:00:38,Returned,Website,524.01,0.0,524.01,EUR
ORD000931,CUST000315,2026-05-13 22:18:38,Completed,Website,957.2,143.58,813.62,EUR
ORD000932,CUST000488,2026-05-05 11:28:22,Shipped,Website,109.52,5.48,104.04,EUR
ORD000933,CUST000142,2026-05-12 09:44:40,Completed,Mobile App,277.2,41.58,235.62,EUR
ORD000934,CUST000314,2026-05-09 16:43:58,Completed,Website,1004.54,50.23,954.31,EUR
ORD000935,CUST000029,2026-05-09 12:55:15,Completed,Website,298.22,14.91,283.31,EUR
ORD000936,CUST000498,2026-05-21 15:11:47,Cancelled,Mobile App,194.74,0.0,194.74,EUR
ORD000937,CUST000349,2026-05-18 00:28:22,Completed,Mobile App,627.18,31.36,595.82,EUR
ORD000938,CUST000479,2026-05-03 01:21:59,Cancelled,Website,772.01,115.8,656.21,EUR
ORD000939,CUST000146,2026-05-17 11:49:55,Returned,Mobile App,1009.82,0.0,1009.82,EUR
ORD000940,CUST000131,2026-05-15 12:42:15,Returned,Website,161.33,0.0,161.33,EUR
ORD000941,CUST000345,2026-05-10 03:37:04,Returned,Website,86.55,0.0,86.55,EUR
ORD000942,CUST000346,2026-05-17 21:24:07,Completed,Website,803.6,0.0,803.6,EUR
ORD000943,CUST000294,2026-05-12 09:39:10,Completed,Website,124.16,18.62,105.54,EUR
ORD000944,CUST000166,2026-05-25 17:29:45,Cancelled,Mobile App,184.96,27.74,157.22,EUR
ORD000945,CUST000053,2026-05-22 20:33:59,Completed,Website,336.6,50.49,286.11,EUR
ORD000946,CUST000353,2026-05-06 04:13:52,Shipped,Mobile App,405.49,0.0,405.49,EUR
ORD000947,CUST000436,2026-05-24 07:47:52,Returned,Website,502.74,0.0,502.74,EUR
ORD000948,CUST000316,2026-05-21 05:54:57,Shipped,Mobile App,922.09,92.21,829.88,EUR
ORD000949,CUST000406,2026-05-20 18:19:33,Cancelled,Website,399.03,19.95,379.08,EUR
ORD000950,CUST000430,2026-05-04 16:58:28,Shipped,Mobile App,1380.04,0.0,1380.04,EUR
ORD000951,CUST000164,2026-05-01 10:25:56,Returned,Mobile App,1060.27,0.0,1060.27,EUR
ORD000952,CUST000201,2026-05-23 14:43:47,Cancelled,Mobile App,114.93,17.24,97.69,EUR
ORD000953,CUST000454,2026-05-20 02:28:01,Shipped,Website,190.81,28.62,162.19,EUR
ORD000954,CUST000146,2026-05-20 05:11:49,Completed,Mobile App,241.31,36.2,205.11,EUR
ORD000955,CUST000182,2026-05-21 08:22:23,Completed,Mobile App,603.6,60.36,543.24,EUR
ORD000956,CUST000349,2026-05-21 09:48:07,Shipped,Website,103.83,10.38,93.45,EUR
ORD000957,CUST000180,2026-05-03 12:55:25,Returned,Website,120.0,0.0,120.0,EUR
ORD000958,CUST000420,2026-05-16 16:41:00,Cancelled,Website,148.11,7.41,140.7,EUR
ORD000959,CUST000277,2026-05-06 08:00:03,Completed,Website,909.85,90.99,818.86,EUR
ORD000960,CUST000030,2026-05-24 13:08:22,Completed,Website,649.66,0.0,649.66,EUR
ORD000961,CUST000002,2026-05-13 06:05:37,Completed,Website,533.24,79.99,453.25,EUR
ORD000962,CUST000176,2026-05-17 07:02:15,Completed,Mobile App,928.78,92.88,835.9,EUR
ORD000963,CUST000267,2026-05-18 04:27:03,Completed,Website,1323.85,132.38,1191.47,EUR
ORD000964,CUST000256,2026-05-03 07:52:07,Cancelled,Website,368.26,0.0,368.26,EUR
ORD000965,CUST000023,2026-05-03 15:35:33,Returned,Website,51.56,7.73,43.83,EUR
ORD000966,CUST000042,2026-05-07 10:08:09,Completed,Website,610.74,0.0,610.74,EUR
ORD000967,CUST000388,2026-05-21 15:13:39,Completed,Website,152.09,0.0,152.09,EUR
ORD000968,CUST000491,2026-05-12 01:58:01,Completed,Mobile App,738.88,0.0,738.88,EUR
ORD000969,CUST000110,2026-05-19 09:27:00,Completed,Mobile App,860.45,43.02,817.43,EUR
ORD000970,CUST000317,2026-05-07 02:32:32,Returned,Website,60.0,0.0,60.0,EUR
ORD000971,CUST000092,2026-05-10 01:42:01,Completed,Website,600.39,0.0,600.39,EUR
ORD000972,CUST000194,2026-05-25 09:59:02,Completed,Mobile App,506.11,0.0,506.11,EUR
ORD000973,CUST000379,2026-05-07 04:58:39,Cancelled,Website,514.24,77.14,437.1,EUR
ORD000974,CUST000217,2026-05-15 23:11:17,Shipped,Mobile App,762.43,38.12,724.31,EUR
ORD000975,CUST000393,2026-05-19 14:52:23,Completed,Mobile App,544.64,0.0,544.64,EUR
ORD000976,CUST000492,2026-05-01 07:02:02,Completed,Mobile App,1149.98,115.0,1034.98,EUR
ORD000977,CUST000232,2026-05-19 01:45:39,Returned,Mobile App,388.52,0.0,388.52,EUR
ORD000978,CUST000275,2026-05-25 20:18:22,Completed,Mobile App,1053.53,0.0,1053.53,EUR
ORD000979,CUST000227,2026-05-02 08:55:55,Completed,Mobile App,367.26,36.73,330.53,EUR
ORD000980,CUST000335,2026-05-09 02:59:42,Cancelled,Mobile App,641.85,96.28,545.57,EUR
ORD000981,CUST000436,2026-05-03 20:48:12,Returned,Mobile App,351.65,35.16,316.49,EUR
ORD000982,CUST000107,2026-05-02 18:27:16,Completed,Website,1233.94,185.09,1048.85,EUR
ORD000983,CUST000146,2026-05-21 20:46:30,Shipped,Website,802.81,80.28,722.53,EUR
ORD000984,CUST000324,2026-05-03 11:18:29,Completed,Mobile App,1203.08,180.46,1022.62,EUR
ORD000985,CUST000160,2026-05-13 13:39:09,Returned,Website,1086.16,0.0,1086.16,EUR
ORD000986,CUST000189,2026-05-24 01:37:30,Returned,Website,838.66,0.0,838.66,EUR
ORD000987,CUST000061,2026-05-09 00:58:55,Cancelled,Mobile App,225.36,11.27,214.09,EUR
ORD000988,CUST000046,2026-05-22 16:39:40,Shipped,Mobile App,133.14,6.66,126.48,EUR
ORD000989,CUST000386,2026-05-12 03:50:37,Completed,Mobile App,681.8,34.09,647.71,EUR
ORD000990,CUST000148,2026-05-04 19:50:11,Completed,Website,202.02,0.0,202.02,EUR
ORD000991,CUST000009,2026-05-07 09:55:36,Completed,Website,466.09,69.91,396.18,EUR
ORD000992,CUST000319,2026-05-05 03:55:33,Returned,Website,1289.75,64.49,1225.26,EUR
ORD000993,CUST000436,2026-05-09 20:34:12,Cancelled,Website,90.68,0.0,90.68,EUR
ORD000994,CUST000494,2026-05-12 10:13:00,Completed,Mobile App,656.35,0.0,656.35,EUR
ORD000995,CUST000131,2026-05-12 15:22:01,Returned,Website,1143.11,171.47,971.64,EUR
ORD000996,CUST000019,2026-05-24 21:15:37,Cancelled,Website,316.18,0.0,316.18,EUR
ORD000997,CUST000433,2026-05-03 22:13:43,Returned,Website,57.8,0.0,57.8,EUR
ORD000998,CUST000432,2026-05-11 11:52:04,Completed,Website,347.94,17.4,330.54,EUR
ORD000999,CUST000421,2026-05-13 15:09:02,Completed,Website,887.16,88.72,798.44,EUR
ORD001000,CUST000207,2026-05-05 20:42:29,Completed,Website,756.96,0.0,756.96,EUR
ORD001001,CUST000218,2026-05-10 03:46:55,Completed,Mobile App,751.69,0.0,751.69,EUR
ORD001002,CUST000472,2026-05-15 10:34:56,Returned,Website,757.82,37.89,719.93,EUR
ORD001003,CUST000039,2026-05-11 00:41:22,Shipped,Mobile App,369.44,55.42,314.02,EUR
ORD001004,CUST000444,2026-05-19 04:31:14,Shipped,Mobile App,1187.87,118.79,1069.08,EUR
ORD001005,CUST000150,2026-05-10 20:29:31,Cancelled,Mobile App,795.54,39.78,755.76,EUR
ORD001006,CUST000441,2026-05-24 06:58:40,Cancelled,Mobile App,838.57,41.93,796.64,EUR
ORD001007,CUST000399,2026-05-23 11:51:04,Completed,Mobile App,776.47,0.0,776.47,EUR
ORD001008,CUST000267,2026-05-21 01:44:29,Completed,Mobile App,358.22,0.0,358.22,EUR
ORD001009,CUST000315,2026-05-12 22:57:27,Returned,Mobile App,403.93,0.0,403.93,EUR
ORD001010,CUST000180,2026-05-23 05:13:58,Completed,Website,731.67,36.58,695.09,EUR
ORD001011,CUST000059,2026-05-10 02:11:48,Returned,Website,451.08,0.0,451.08,EUR
ORD001012,CUST000019,2026-05-03 08:44:25,Completed,Mobile App,322.93,16.15,306.78,EUR
ORD001013,CUST000468,2026-05-08 20:15:14,Returned,Website,1125.76,0.0,1125.76,EUR
ORD001014,CUST000099,2026-05-01 21:33:17,Completed,Website,781.36,39.07,742.29,EUR
ORD001015,CUST000017,2026-05-03 05:09:14,Returned,Website,661.4,66.14,595.26,EUR
ORD001016,CUST000482,2026-05-22 05:10:10,Returned,Website,769.7,0.0,769.7,EUR
ORD001017,CUST000252,2026-05-20 15:07:23,Completed,Mobile App,1166.78,0.0,1166.78,EUR
ORD001018,CUST000178,2026-05-10 22:37:55,Cancelled,Mobile App,92.48,4.62,87.86,EUR
ORD001019,CUST000428,2026-05-09 12:42:04,Completed,Mobile App,1487.92,223.19,1264.73,EUR
ORD001020,CUST000396,2026-05-16 11:00:22,Shipped,Website,690.36,103.55,586.81,EUR
ORD001021,CUST000134,2026-05-11 05:44:51,Returned,Website,623.35,0.0,623.35,EUR
ORD001022,CUST000494,2026-05-01 00:18:26,Completed,Mobile App,252.53,12.63,239.9,EUR
ORD001023,CUST000484,2026-05-02 18:55:31,Completed,Mobile App,222.4,0.0,222.4,EUR
ORD001024,CUST000453,2026-05-14 22:03:45,Shipped,Mobile App,531.27,0.0,531.27,EUR
ORD001025,CUST000487,2026-05-14 08:06:51,Shipped,Website,787.91,78.79,709.12,EUR
ORD001026,CUST000259,2026-05-13 15:05:55,Completed,Mobile App,883.81,0.0,883.81,EUR
ORD001027,CUST000463,2026-05-06 16:41:01,Completed,Mobile App,483.99,0.0,483.99,EUR
ORD001028,CUST000367,2026-05-23 04:30:57,Completed,Website,453.37,68.01,385.36,EUR
ORD001029,CUST000252,2026-05-16 18:17:01,Completed,Mobile App,1075.03,107.5,967.53,EUR
ORD001030,CUST000122,2026-05-11 02:23:47,Completed,Mobile App,265.84,0.0,265.84,EUR
ORD001031,CUST000218,2026-05-05 22:30:30,Completed,Mobile App,164.52,16.45,148.07,EUR
ORD001032,CUST000392,2026-05-06 16:10:58,Shipped,Mobile App,204.8,20.48,184.32,EUR
ORD001033,CUST000377,2026-05-01 19:34:03,Returned,Mobile App,350.76,17.54,333.22,EUR
ORD001034,CUST000180,2026-05-25 10:54:43,Cancelled,Website,711.66,71.17,640.49,EUR
ORD001035,CUST000004,2026-05-18 23:28:51,Returned,Mobile App,1056.61,105.66,950.95,EUR
ORD001036,CUST000025,2026-05-09 00:13:12,Completed,Website,266.28,13.31,252.97,EUR
ORD001037,CUST000395,2026-05-20 18:18:29,Completed,Website,342.98,51.45,291.53,EUR
ORD001038,CUST000341,2026-05-25 14:02:51,Shipped,Mobile App,822.32,41.12,781.2,EUR
ORD001039,CUST000107,2026-05-25 20:28:49,Cancelled,Mobile App,728.77,0.0,728.77,EUR
ORD001040,CUST000158,2026-05-04 14:24:48,Completed,Website,1263.01,189.45,1073.56,EUR
ORD001041,CUST000026,2026-05-03 21:20:15,Returned,Website,179.04,0.0,179.04,EUR
ORD001042,CUST000070,2026-05-08 14:43:18,Shipped,Website,205.26,30.79,174.47,EUR
ORD001043,CUST000403,2026-05-11 05:43:44,Shipped,Mobile App,206.24,0.0,206.24,EUR
ORD001044,CUST000327,2026-05-02 09:24:14,Shipped,Mobile App,610.5,0.0,610.5,EUR
ORD001045,CUST000124,2026-05-19 08:58:11,Returned,Website,289.74,43.46,246.28,EUR
ORD001046,CUST000058,2026-05-14 09:46:02,Completed,Website,1329.1,0.0,1329.1,EUR
ORD001047,CUST000452,2026-05-18 22:12:23,Completed,Mobile App,467.91,0.0,467.91,EUR
ORD001048,CUST000166,2026-05-04 04:31:43,Cancelled,Website,258.28,38.74,219.54,EUR
ORD001049,CUST000057,2026-05-09 19:20:00,Completed,Mobile App,448.32,0.0,448.32,EUR
ORD001050,CUST000146,2026-05-03 00:05:32,Cancelled,Website,186.7,28.0,158.7,EUR
ORD001051,CUST000493,2026-05-23 12:43:18,Completed,Mobile App,503.07,75.46,427.61,EUR
ORD001052,CUST000224,2026-05-05 13:30:12,Returned,Website,133.01,6.65,126.36,EUR
ORD001053,CUST000489,2026-05-06 19:50:13,Returned,Mobile App,681.48,0.0,681.48,EUR
ORD001054,CUST000014,2026-05-01 20:27:33,Returned,Mobile App,1167.47,175.12,992.35,EUR
ORD001055,CUST000493,2026-05-22 20:12:12,Completed,Website,197.67,9.88,187.79,EUR
ORD001056,CUST000500,2026-05-04 08:33:56,Completed,Website,632.1,94.81,537.29,EUR
ORD001057,CUST000129,2026-05-07 01:42:07,Returned,Website,468.08,0.0,468.08,EUR
ORD001058,CUST000319,2026-05-23 19:19:06,Cancelled,Mobile App,643.02,0.0,643.02,EUR
ORD001059,CUST000276,2026-05-14 14:53:54,Completed,Website,233.88,23.39,210.49,EUR
ORD001060,CUST000427,2026-05-11 10:04:04,Completed,Mobile App,419.61,41.96,377.65,EUR
ORD001061,CUST000113,2026-05-12 03:11:34,Returned,Website,666.69,66.67,600.02,EUR
ORD001062,CUST000356,2026-05-20 15:18:12,Cancelled,Mobile App,737.92,110.69,627.23,EUR
ORD001063,CUST000403,2026-05-01 05:01:00,Completed,Website,760.64,76.06,684.58,EUR
ORD001064,CUST000343,2026-05-20 15:15:33,Shipped,Mobile App,254.96,0.0,254.96,EUR
ORD001065,CUST000028,2026-05-14 08:13:02,Shipped,Mobile App,543.2,81.48,461.72,EUR
ORD001066,CUST000224,2026-05-11 06:01:21,Cancelled,Website,693.09,69.31,623.78,EUR
ORD001067,CUST000011,2026-05-07 20:45:55,Completed,Website,459.51,22.98,436.53,EUR
ORD001068,CUST000083,2026-05-25 04:50:51,Cancelled,Website,174.89,26.23,148.66,EUR
ORD001069,CUST000106,2026-05-18 13:34:43,Completed,Website,279.74,41.96,237.78,EUR
ORD001070,CUST000083,2026-05-04 19:06:18,Shipped,Website,1150.97,57.55,1093.42,EUR
ORD001071,CUST000093,2026-05-06 14:25:39,Completed,Mobile App,97.13,0.0,97.13,EUR
ORD001072,CUST000209,2026-05-23 22:13:58,Completed,Mobile App,921.44,92.14,829.3,EUR
ORD001073,CUST000193,2026-05-20 04:57:13,Cancelled,Mobile App,54.24,2.71,51.53,EUR
ORD001074,CUST000210,2026-05-08 04:40:47,Completed,Mobile App,873.52,87.35,786.17,EUR
ORD001075,CUST000278,2026-05-14 04:56:44,Returned,Website,525.1,0.0,525.1,EUR
ORD001076,CUST000292,2026-05-18 16:38:41,Returned,Mobile App,991.65,0.0,991.65,EUR
ORD001077,CUST000262,2026-05-18 15:05:39,Completed,Website,785.96,0.0,785.96,EUR
ORD001078,CUST000478,2026-05-23 12:55:43,Completed,Mobile App,79.22,3.96,75.26,EUR
ORD001079,CUST000297,2026-05-04 03:53:52,Returned,Website,7.73,0.39,7.34,EUR
ORD001080,CUST000265,2026-05-02 10:41:09,Completed,Mobile App,751.12,75.11,676.01,EUR
ORD001081,CUST000239,2026-05-19 06:43:37,Completed,Website,179.13,0.0,179.13,EUR
ORD001082,CUST000045,2026-05-19 09:56:19,Completed,Mobile App,890.51,0.0,890.51,EUR
ORD001083,CUST000379,2026-05-25 05:09:06,Completed,Mobile App,88.82,8.88,79.94,EUR
ORD001084,CUST000137,2026-05-17 22:24:08,Completed,Website,596.0,0.0,596.0,EUR
ORD001085,CUST000401,2026-05-09 00:37:16,Shipped,Mobile App,521.91,26.1,495.81,EUR
ORD001086,CUST000134,2026-05-25 20:13:06,Returned,Mobile App,783.42,117.51,665.91,EUR
ORD001087,CUST000461,2026-05-19 00:35:23,Shipped,Website,324.31,32.43,291.88,EUR
ORD001088,CUST000232,2026-05-20 16:38:18,Cancelled,Website,740.64,0.0,740.64,EUR
ORD001089,CUST000180,2026-05-18 07:33:53,Shipped,Website,373.4,0.0,373.4,EUR
ORD001090,CUST000482,2026-05-20 05:35:58,Completed,Website,488.53,48.85,439.68,EUR
ORD001091,CUST000252,2026-05-01 08:14:04,Completed,Website,478.54,0.0,478.54,EUR
ORD001092,CUST000214,2026-05-13 06:47:05,Completed,Website,961.31,96.13,865.18,EUR
ORD001093,CUST000331,2026-05-22 08:12:31,Completed,Mobile App,751.1,0.0,751.1,EUR
ORD001094,CUST000313,2026-05-25 02:12:52,Shipped,Website,925.61,92.56,833.05,EUR
ORD001095,CUST000011,2026-05-11 19:41:51,Returned,Mobile App,199.38,0.0,199.38,EUR
ORD001096,CUST000455,2026-05-08 14:31:02,Shipped,Website,164.41,24.66,139.75,EUR
ORD001097,CUST000070,2026-05-09 01:24:09,Cancelled,Website,488.2,24.41,463.79,EUR
ORD001098,CUST000303,2026-05-21 09:19:14,Cancelled,Mobile App,1388.4,208.26,1180.14,EUR
ORD001099,CUST000069,2026-05-11 20:31:32,Completed,Website,303.73,0.0,303.73,EUR
ORD001100,CUST000177,2026-05-02 10:11:09,Cancelled,Mobile App,961.0,144.15,816.85,EUR
ORD001101,CUST000308,2026-05-21 13:16:00,Cancelled,Mobile App,674.63,0.0,674.63,EUR
ORD001102,CUST000472,2026-05-23 00:58:39,Returned,Website,393.81,0.0,393.81,EUR
ORD001103,CUST000492,2026-05-15 04:29:41,Completed,Mobile App,274.67,0.0,274.67,EUR
ORD001104,CUST000499,2026-05-01 10:59:39,Shipped,Website,394.41,59.16,335.25,EUR
ORD001105,CUST000208,2026-05-05 02:35:01,Returned,Website,23.19,1.16,22.03,EUR
ORD001106,CUST000266,2026-05-14 23:54:35,Cancelled,Website,75.72,7.57,68.15,EUR
ORD001107,CUST000100,2026-05-07 08:43:20,Completed,Mobile App,133.13,13.31,119.82,EUR
ORD001108,CUST000195,2026-05-18 23:19:30,Completed,Mobile App,179.04,0.0,179.04,EUR
ORD001109,CUST000091,2026-05-04 10:52:11,Completed,Website,425.1,0.0,425.1,EUR
ORD001110,CUST000008,2026-05-19 23:26:06,Completed,Website,581.84,29.09,552.75,EUR
ORD001111,CUST000348,2026-05-22 10:23:49,Completed,Mobile App,121.89,6.09,115.8,EUR
ORD001112,CUST000450,2026-05-11 10:42:12,Completed,Mobile App,352.82,35.28,317.54,EUR
ORD001113,CUST000098,2026-05-22 15:09:56,Shipped,Mobile App,1145.41,57.27,1088.14,EUR
ORD001114,CUST000094,2026-05-14 17:39:45,Completed,Mobile App,418.66,41.87,376.79,EUR
ORD001115,CUST000184,2026-05-23 16:32:24,Completed,Mobile App,1280.53,0.0,1280.53,EUR
ORD001116,CUST000417,2026-05-25 06:55:37,Completed,Mobile App,142.99,7.15,135.84,EUR
ORD001117,CUST000433,2026-05-08 13:13:31,Completed,Website,866.64,0.0,866.64,EUR
ORD001118,CUST000104,2026-05-10 00:36:10,Cancelled,Mobile App,583.59,0.0,583.59,EUR
ORD001119,CUST000031,2026-05-14 07:08:41,Returned,Mobile App,219.56,10.98,208.58,EUR
ORD001120,CUST000083,2026-05-08 06:49:44,Returned,Mobile App,263.16,39.47,223.69,EUR
ORD001121,CUST000152,2026-05-05 11:34:26,Completed,Mobile App,1209.03,0.0,1209.03,EUR
ORD001122,CUST000277,2026-05-12 06:21:58,Completed,Website,606.79,60.68,546.11,EUR
ORD001123,CUST000164,2026-05-07 17:32:01,Cancelled,Mobile App,124.51,18.68,105.83,EUR
ORD001124,CUST000460,2026-05-24 22:09:13,Cancelled,Mobile App,270.34,27.03,243.31,EUR
ORD001125,CUST000023,2026-05-04 01:27:31,Completed,Mobile App,51.52,2.58,48.94,EUR
ORD001126,CUST000147,2026-05-09 02:23:55,Returned,Mobile App,659.87,65.99,593.88,EUR
ORD001127,CUST000267,2026-05-03 10:18:42,Completed,Mobile App,419.64,20.98,398.66,EUR
ORD001128,CUST000380,2026-05-02 16:56:48,Completed,Website,34.61,0.0,34.61,EUR
ORD001129,CUST000322,2026-05-10 15:08:11,Returned,Mobile App,650.79,0.0,650.79,EUR
ORD001130,CUST000423,2026-05-22 17:04:43,Completed,Website,308.88,0.0,308.88,EUR
ORD001131,CUST000361,2026-05-04 19:08:16,Returned,Mobile App,351.04,35.1,315.94,EUR
ORD001132,CUST000275,2026-05-01 05:25:06,Returned,Mobile App,226.66,22.67,203.99,EUR
ORD001133,CUST000012,2026-05-19 10:27:23,Returned,Mobile App,1008.03,50.4,957.63,EUR
ORD001134,CUST000013,2026-05-15 08:42:05,Completed,Mobile App,827.83,41.39,786.44,EUR
ORD001135,CUST000097,2026-05-22 12:49:18,Completed,Mobile App,728.04,72.8,655.24,EUR
ORD001136,CUST000317,2026-05-16 12:26:11,Completed,Mobile App,579.48,0.0,579.48,EUR
ORD001137,CUST000056,2026-05-06 04:02:00,Completed,Mobile App,878.53,131.78,746.75,EUR
ORD001138,CUST000127,2026-05-14 02:34:03,Shipped,Mobile App,787.42,118.11,669.31,EUR
ORD001139,CUST000172,2026-05-10 13:40:43,Shipped,Mobile App,313.16,0.0,313.16,EUR
ORD001140,CUST000219,2026-05-02 08:42:23,Completed,Website,1217.92,60.9,1157.02,EUR
ORD001141,CUST000104,2026-05-23 10:47:21,Completed,Website,729.14,0.0,729.14,EUR
ORD001142,CUST000401,2026-05-21 03:00:42,Returned,Website,825.07,82.51,742.56,EUR
ORD001143,CUST000138,2026-05-20 14:42:49,Completed,Website,397.33,19.87,377.46,EUR
ORD001144,CUST000130,2026-05-05 03:57:00,Cancelled,Mobile App,698.7,34.93,663.77,EUR
ORD001145,CUST000442,2026-05-14 15:56:01,Completed,Mobile App,1690.94,253.64,1437.3,EUR
ORD001146,CUST000484,2026-05-03 02:00:59,Cancelled,Mobile App,214.47,21.45,193.02,EUR
ORD001147,CUST000138,2026-05-04 13:22:57,Completed,Mobile App,707.9,106.19,601.71,EUR
ORD001148,CUST000232,2026-05-15 16:55:11,Shipped,Website,111.81,5.59,106.22,EUR
ORD001149,CUST000139,2026-05-03 09:07:04,Completed,Website,939.04,0.0,939.04,EUR
ORD001150,CUST000048,2026-05-10 09:09:02,Completed,Website,451.08,0.0,451.08,EUR
ORD001151,CUST000341,2026-05-25 15:18:27,Cancelled,Mobile App,264.22,0.0,264.22,EUR
ORD001152,CUST000389,2026-05-06 03:12:23,Returned,Mobile App,639.54,0.0,639.54,EUR
ORD001153,CUST000422,2026-05-11 19:58:53,Completed,Mobile App,906.96,90.7,816.26,EUR
ORD001154,CUST000146,2026-05-25 02:32:40,Shipped,Mobile App,93.12,13.97,79.15,EUR
ORD001155,CUST000493,2026-05-09 06:52:09,Completed,Mobile App,224.16,33.62,190.54,EUR
ORD001156,CUST000018,2026-05-09 06:44:26,Shipped,Mobile App,519.45,0.0,519.45,EUR
ORD001157,CUST000003,2026-05-25 20:14:24,Cancelled,Mobile App,997.22,0.0,997.22,EUR
ORD001158,CUST000254,2026-05-09 06:42:11,Returned,Mobile App,161.33,8.07,153.26,EUR
ORD001159,CUST000456,2026-05-22 23:57:24,Returned,Website,160.79,0.0,160.79,EUR
ORD001160,CUST000028,2026-05-24 17:09:27,Completed,Website,430.02,64.5,365.52,EUR
ORD001161,CUST000151,2026-05-19 08:22:50,Shipped,Website,543.56,81.53,462.03,EUR
ORD001162,CUST000050,2026-05-24 04:55:16,Shipped,Mobile App,112.57,16.89,95.68,EUR
ORD001163,CUST000007,2026-05-02 09:21:18,Cancelled,Mobile App,298.22,14.91,283.31,EUR
ORD001164,CUST000428,2026-05-06 20:49:52,Shipped,Mobile App,852.19,0.0,852.19,EUR
ORD001165,CUST000458,2026-05-02 10:18:23,Cancelled,Mobile App,85.39,0.0,85.39,EUR
ORD001166,CUST000495,2026-05-11 20:20:29,Completed,Website,1372.84,205.93,1166.91,EUR
ORD001167,CUST000307,2026-05-22 01:57:21,Shipped,Website,610.37,0.0,610.37,EUR
ORD001168,CUST000170,2026-05-20 02:13:34,Completed,Website,583.74,29.19,554.55,EUR
ORD001169,CUST000250,2026-05-15 11:55:53,Completed,Mobile App,287.8,28.78,259.02,EUR
ORD001170,CUST000248,2026-05-20 00:37:15,Completed,Website,127.46,12.75,114.71,EUR
ORD001171,CUST000431,2026-05-06 03:51:50,Completed,Mobile App,418.9,62.84,356.06,EUR
ORD001172,CUST000493,2026-05-25 06:30:54,Completed,Website,389.12,0.0,389.12,EUR
ORD001173,CUST000152,2026-05-21 17:59:06,Completed,Website,126.24,0.0,126.24,EUR
ORD001174,CUST000064,2026-05-15 08:21:38,Cancelled,Website,290.52,29.05,261.47,EUR
ORD001175,CUST000197,2026-05-08 15:52:35,Shipped,Mobile App,24.01,3.6,20.41,EUR
ORD001176,CUST000412,2026-05-06 02:16:33,Shipped,Website,1188.6,0.0,1188.6,EUR
ORD001177,CUST000067,2026-05-04 09:52:09,Cancelled,Mobile App,188.21,0.0,188.21,EUR
ORD001178,CUST000044,2026-05-19 21:18:13,Completed,Website,897.85,134.68,763.17,EUR
ORD001179,CUST000438,2026-05-14 06:36:08,Cancelled,Mobile App,187.41,0.0,187.41,EUR
ORD001180,CUST000037,2026-05-15 13:07:21,Returned,Website,549.72,0.0,549.72,EUR
ORD001181,CUST000340,2026-05-15 09:21:15,Completed,Website,297.43,0.0,297.43,EUR
ORD001182,CUST000275,2026-05-12 05:36:21,Cancelled,Website,1169.98,117.0,1052.98,EUR
ORD001183,CUST000474,2026-05-18 04:07:18,Returned,Mobile App,376.26,37.63,338.63,EUR
ORD001184,CUST000349,2026-05-19 15:54:43,Cancelled,Mobile App,1093.61,0.0,1093.61,EUR
ORD001185,CUST000499,2026-05-18 22:52:57,Returned,Website,911.53,0.0,911.53,EUR
ORD001186,CUST000113,2026-05-09 10:05:31,Returned,Website,835.98,125.4,710.58,EUR
ORD001187,CUST000277,2026-05-09 13:53:11,Completed,Website,908.27,136.24,772.03,EUR
ORD001188,CUST000232,2026-05-20 03:43:28,Completed,Mobile App,1118.64,0.0,1118.64,EUR
ORD001189,CUST000425,2026-05-22 13:10:45,Cancelled,Mobile App,924.4,92.44,831.96,EUR
ORD001190,CUST000270,2026-05-11 12:41:09,Cancelled,Mobile App,384.07,19.2,364.87,EUR
ORD001191,CUST000460,2026-05-09 12:47:36,Cancelled,Website,279.01,13.95,265.06,EUR
ORD001192,CUST000031,2026-05-15 22:34:59,Completed,Website,611.52,91.73,519.79,EUR
ORD001193,CUST000379,2026-05-11 02:05:20,Cancelled,Website,218.56,10.93,207.63,EUR
ORD001194,CUST000474,2026-05-17 03:04:27,Completed,Mobile App,767.03,0.0,767.03,EUR
ORD001195,CUST000445,2026-05-04 05:09:07,Shipped,Mobile App,346.2,0.0,346.2,EUR
ORD001196,CUST000236,2026-05-04 14:49:00,Cancelled,Website,626.65,31.33,595.32,EUR
ORD001197,CUST000390,2026-05-24 11:53:36,Completed,Website,579.48,0.0,579.48,EUR
ORD001198,CUST000260,2026-05-25 15:15:18,Completed,Mobile App,781.56,117.23,664.33,EUR
ORD001199,CUST000279,2026-05-16 15:46:21,Shipped,Mobile App,640.98,32.05,608.93,EUR
ORD001200,CUST000024,2026-05-01 22:34:29,Shipped,Mobile App,657.19,0.0,657.19,EUR
ORD_BAD_001,CUST999999,2026-07-01 10:00:00,UnknownStatus,Website,-100,200,-300,USD
