PaymentID,OrderID,PaymentDate,PaymentMethod,PaymentStatus,PaymentFailureReason,Amount,Currency
PAY000001,ORD000001,2026-05-15 01:20:15,PayPal,Refunded,,573.42,EUR
PAY000002,ORD000002,2026-05-17 04:30:08,Card,Paid,,398.32,EUR
PAY000003,ORD000003,2026-05-12 04:53:37,Card,Paid,,773.87,EUR
PAY000004,ORD000004,2026-05-06 00:40:11,Wallet,Failed,3DS Failed,988.73,EUR
PAY000005,ORD000005,2026-05-11 08:58:08,Bank Transfer,Paid,,325.31,EUR
PAY000006,ORD000006,2026-05-03 10:11:45,Card,Failed,,635.89,EUR
PAY000007,ORD000007,2026-05-20 20:24:15,Wallet,Paid,,273.68,EUR
PAY000008,ORD000008,2026-05-06 21:18:40,Bank Transfer,Paid,,32.29,EUR
PAY000009,ORD000009,2026-05-07 14:11:51,Wallet,Paid,,140.16,EUR
PAY000010,ORD000010,2026-05-06 06:33:12,PayPal,Paid,,887.92,EUR
PAY000011,ORD000011,2026-05-11 14:45:04,PayPal,Paid,,363.32,EUR
PAY000012,ORD000012,2026-05-24 09:06:10,Card,Paid,,959.21,EUR
PAY000013,ORD000013,2026-05-22 03:11:36,Wallet,Failed,Card Declined,713.16,EUR
PAY000014,ORD000014,2026-05-08 17:33:53,Bank Transfer,Refunded,,413.63,EUR
PAY000015,ORD000015,2026-05-08 01:14:49,Wallet,Paid,,423.04,EUR
PAY000016,ORD000016,2026-05-22 13:23:13,Bank Transfer,Refunded,,43.83,EUR
PAY000017,ORD000017,2026-05-18 16:06:03,PayPal,Failed,,303.62,EUR
PAY000018,ORD000018,2026-05-16 13:19:21,Wallet,Paid,,48.94,EUR
PAY000019,ORD000019,2026-05-06 13:49:07,Wallet,Paid,,548.84,EUR
PAY000020,ORD000020,2026-05-19 06:49:36,Bank Transfer,Paid,,238.45,EUR
PAY000021,ORD000021,2026-05-12 13:00:43,Wallet,Paid,,691.35,EUR
PAY000022,ORD000022,2026-05-12 11:59:05,Wallet,Paid,,848.84,EUR
PAY000023,ORD000023,2026-05-24 03:20:40,Wallet,Pending,,1312.9,EUR
PAY000024,ORD000024,2026-05-09 10:14:52,Bank Transfer,Pending,,212.94,EUR
PAY000025,ORD000025,2026-05-20 07:13:18,Bank Transfer,Paid,,591.5,EUR
PAY000026,ORD000026,2026-05-02 20:22:54,PayPal,Failed,Card Declined,754.07,EUR
PAY000027,ORD000027,2026-05-06 04:29:51,Card,Refunded,,236.69,EUR
PAY000028,ORD000028,2026-05-08 07:56:58,Wallet,Failed,Gateway Timeout,988.32,EUR
PAY000029,ORD000029,2026-05-18 05:04:02,Wallet,Pending,,610.48,EUR
PAY000030,ORD000030,2026-05-22 00:40:24,Card,Failed,,52.02,EUR
PAY000031,ORD000031,2026-05-16 00:27:19,Wallet,Failed,,695.88,EUR
PAY000032,ORD000032,2026-05-14 05:40:40,Wallet,Paid,,14.69,EUR
PAY000033,ORD000033,2026-05-22 13:53:36,Wallet,Paid,,1750.29,EUR
PAY000034,ORD000034,2026-05-21 03:32:48,PayPal,Paid,,294.0,EUR
PAY000035,ORD000035,2026-05-12 22:48:49,Bank Transfer,Paid,,75.49,EUR
PAY000036,ORD000036,2026-05-16 17:13:47,PayPal,Failed,,1022.46,EUR
PAY000037,ORD000037,2026-05-23 02:51:31,Bank Transfer,Pending,,398.76,EUR
PAY000038,ORD000038,2026-05-22 18:20:29,Wallet,Failed,3DS Failed,1409.1,EUR
PAY000039,ORD000039,2026-05-03 00:40:44,Wallet,Paid,,269.08,EUR
PAY000040,ORD000040,2026-05-13 23:34:18,Bank Transfer,Refunded,,923.12,EUR
PAY000041,ORD000041,2026-05-22 00:48:39,Card,Failed,3DS Failed,95.47,EUR
PAY000042,ORD000042,2026-05-05 13:40:33,Bank Transfer,Paid,,919.87,EUR
PAY000043,ORD000043,2026-05-22 06:31:39,Wallet,Refunded,,263.7,EUR
PAY000044,ORD000044,2026-05-02 02:22:53,PayPal,Paid,,132.88,EUR
PAY000045,ORD000045,2026-05-08 06:26:10,Bank Transfer,Paid,,170.63,EUR
PAY000046,ORD000046,2026-05-09 01:54:08,Wallet,Paid,,501.81,EUR
PAY000047,ORD000047,2026-05-07 15:02:14,Wallet,Refunded,,73.41,EUR
PAY000048,ORD000048,2026-05-21 20:11:54,Wallet,Paid,,32.93,EUR
PAY000049,ORD000049,2026-05-09 21:51:25,Wallet,Refunded,,574.57,EUR
PAY000050,ORD000050,2026-05-01 17:28:17,Wallet,Failed,,731.98,EUR
PAY000051,ORD000051,2026-05-01 20:12:41,Bank Transfer,Paid,,724.41,EUR
PAY000052,ORD000052,2026-05-04 15:43:30,Bank Transfer,Paid,,53.1,EUR
PAY000053,ORD000053,2026-05-17 15:50:52,Bank Transfer,Paid,,103.83,EUR
PAY000054,ORD000054,2026-05-25 02:28:18,Bank Transfer,Failed,3DS Failed,521.93,EUR
PAY000055,ORD000055,2026-05-23 18:02:58,Wallet,Paid,,545.55,EUR
PAY000056,ORD000056,2026-05-05 09:05:25,PayPal,Refunded,,809.15,EUR
PAY000057,ORD000057,2026-05-07 00:30:52,PayPal,Refunded,,1612.06,EUR
PAY000058,ORD000058,2026-05-02 21:08:49,Card,Paid,,330.77,EUR
PAY000059,ORD000059,2026-05-22 20:31:14,PayPal,Paid,,49.13,EUR
PAY000060,ORD000060,2026-05-03 08:06:35,Card,Paid,,211.62,EUR
PAY000061,ORD000061,2026-05-16 05:16:00,Wallet,Paid,,689.6,EUR
PAY000062,ORD000062,2026-05-24 11:24:48,PayPal,Paid,,98.26,EUR
PAY000063,ORD000063,2026-05-24 03:25:59,Wallet,Failed,,318.3,EUR
PAY000064,ORD000064,2026-05-21 10:25:10,Wallet,Paid,,676.12,EUR
PAY000065,ORD000065,2026-05-07 21:37:21,Wallet,Refunded,,299.34,EUR
PAY000066,ORD000066,2026-05-11 18:25:14,PayPal,Refunded,,443.55,EUR
PAY000067,ORD000067,2026-05-10 12:20:45,Bank Transfer,Paid,,181.36,EUR
PAY000068,ORD000068,2026-05-24 12:00:11,Wallet,Paid,,52.02,EUR
PAY000069,ORD000069,2026-05-01 11:15:00,Card,Pending,,403.92,EUR
PAY000070,ORD000070,2026-05-09 12:11:14,Wallet,Paid,,308.86,EUR
PAY000071,ORD000071,2026-05-05 15:50:50,Wallet,Refunded,,673.5,EUR
PAY000072,ORD000072,2026-05-12 23:52:08,Wallet,Paid,,790.48,EUR
PAY000073,ORD000073,2026-05-09 21:12:16,PayPal,Refunded,,730.05,EUR
PAY000074,ORD000074,2026-05-02 16:03:53,Card,Refunded,,446.2,EUR
PAY000075,ORD000075,2026-05-11 10:08:25,PayPal,Refunded,,740.28,EUR
PAY000076,ORD000076,2026-05-16 01:08:54,Card,Paid,,377.69,EUR
PAY000077,ORD000077,2026-05-17 14:18:52,Wallet,Refunded,,244.84,EUR
PAY000078,ORD000078,2026-05-03 10:54:13,Bank Transfer,Pending,,1337.42,EUR
PAY000079,ORD000079,2026-05-09 14:35:08,PayPal,Pending,,571.96,EUR
PAY000080,ORD000080,2026-05-02 10:33:35,Bank Transfer,Paid,,999.53,EUR
PAY000081,ORD000081,2026-05-24 13:19:51,PayPal,Failed,,1172.04,EUR
PAY000082,ORD000082,2026-05-23 10:21:58,Wallet,Pending,,65.85,EUR
PAY000083,ORD000083,2026-05-14 10:31:59,Wallet,Refunded,,269.77,EUR
PAY000084,ORD000084,2026-05-17 10:14:42,Bank Transfer,Paid,,130.25,EUR
PAY000085,ORD000085,2026-05-13 11:37:45,Bank Transfer,Paid,,340.35,EUR
PAY000086,ORD000086,2026-05-20 09:31:11,Bank Transfer,Paid,,791.47,EUR
PAY000087,ORD000087,2026-05-19 01:38:21,Wallet,Pending,,658.73,EUR
PAY000088,ORD000088,2026-05-21 09:44:15,Card,Paid,,194.77,EUR
PAY000089,ORD000089,2026-05-23 08:10:03,PayPal,Pending,,46.4,EUR
PAY000090,ORD000090,2026-05-06 23:30:20,PayPal,Failed,,356.69,EUR
PAY000091,ORD000091,2026-05-04 09:07:07,PayPal,Refunded,,267.72,EUR
PAY000092,ORD000092,2026-05-17 03:31:04,Wallet,Pending,,92.22,EUR
PAY000093,ORD000093,2026-05-01 16:47:32,PayPal,Paid,,299.59,EUR
PAY000094,ORD000094,2026-05-24 19:26:58,Wallet,Paid,,647.55,EUR
PAY000095,ORD000095,2026-05-23 00:36:44,Wallet,Pending,,6.96,EUR
PAY000096,ORD000096,2026-05-23 02:29:52,Bank Transfer,Paid,,1165.91,EUR
PAY000097,ORD000097,2026-05-16 05:55:58,Bank Transfer,Paid,,531.52,EUR
PAY000098,ORD000098,2026-05-12 13:43:00,Wallet,Failed,Gateway Timeout,1224.65,EUR
PAY000099,ORD000099,2026-05-14 09:45:23,Card,Failed,Gateway Timeout,955.02,EUR
PAY000100,ORD000100,2026-05-25 18:13:10,Wallet,Paid,,432.89,EUR
PAY000101,ORD000101,2026-05-24 01:20:38,Wallet,Paid,,918.24,EUR
PAY000102,ORD000102,2026-05-07 22:24:19,Bank Transfer,Failed,,1348.62,EUR
PAY000103,ORD000103,2026-05-06 01:21:58,Wallet,Paid,,27.94,EUR
PAY000104,ORD000104,2026-05-19 08:31:37,Bank Transfer,Refunded,,878.55,EUR
PAY000105,ORD000105,2026-05-03 05:48:50,Bank Transfer,Refunded,,763.44,EUR
PAY000106,ORD000106,2026-05-03 15:43:38,Bank Transfer,Paid,,776.96,EUR
PAY000107,ORD000107,2026-05-09 09:24:47,Bank Transfer,Failed,,390.92,EUR
PAY000108,ORD000108,2026-05-15 13:04:11,PayPal,Paid,,81.97,EUR
PAY000109,ORD000109,2026-05-12 05:45:06,Bank Transfer,Refunded,,477.73,EUR
PAY000110,ORD000110,2026-05-01 14:56:10,PayPal,Paid,,159.8,EUR
PAY000111,ORD000111,2026-05-25 15:42:24,PayPal,Paid,,162.75,EUR
PAY000112,ORD000112,2026-05-05 21:41:44,Bank Transfer,Refunded,,769.18,EUR
PAY000113,ORD000113,2026-05-15 01:20:31,Bank Transfer,Paid,,452.64,EUR
PAY000114,ORD000114,2026-05-12 18:13:47,Bank Transfer,Paid,,242.72,EUR
PAY000115,ORD000115,2026-05-21 03:10:13,Wallet,Pending,,145.26,EUR
PAY000116,ORD000116,2026-05-18 20:33:26,Wallet,Failed,Card Declined,334.31,EUR
PAY000117,ORD000117,2026-05-23 06:04:58,PayPal,Pending,,150.51,EUR
PAY000118,ORD000118,2026-05-12 20:51:52,Card,Refunded,,133.01,EUR
PAY000119,ORD000119,2026-05-07 00:55:02,Wallet,Refunded,,877.28,EUR
PAY000120,ORD000120,2026-05-13 09:23:09,Wallet,Failed,Card Declined,1049.85,EUR
PAY000121,ORD000121,2026-05-25 07:51:12,Bank Transfer,Paid,,694.66,EUR
PAY000122,ORD000122,2026-05-02 19:06:58,PayPal,Paid,,506.0,EUR
PAY000123,ORD000123,2026-05-14 09:52:59,Card,Pending,,411.44,EUR
PAY000124,ORD000124,2026-05-16 01:42:06,Card,Failed,3DS Failed,94.55,EUR
PAY000125,ORD000125,2026-05-07 10:05:20,Bank Transfer,Paid,,871.12,EUR
PAY000126,ORD000126,2026-05-14 04:21:02,Wallet,Paid,,423.59,EUR
PAY000127,ORD000127,2026-05-02 02:37:43,Bank Transfer,Paid,,708.68,EUR
PAY000128,ORD000128,2026-05-10 15:31:11,Bank Transfer,Failed,,776.22,EUR
PAY000129,ORD000129,2026-05-21 22:57:46,PayPal,Paid,,730.46,EUR
PAY000130,ORD000130,2026-05-19 04:08:41,PayPal,Failed,,1006.23,EUR
PAY000131,ORD000131,2026-05-02 05:50:21,PayPal,Refunded,,542.03,EUR
PAY000132,ORD000132,2026-05-11 19:44:34,Bank Transfer,Paid,,350.53,EUR
PAY000133,ORD000133,2026-05-16 07:17:42,Card,Paid,,927.07,EUR
PAY000134,ORD000134,2026-05-06 08:48:48,PayPal,Pending,,237.66,EUR
PAY000135,ORD000135,2026-05-12 21:39:52,Card,Failed,,1115.06,EUR
PAY000136,ORD000136,2026-05-13 06:57:43,Wallet,Refunded,,917.73,EUR
PAY000137,ORD000137,2026-05-02 17:29:11,Card,Pending,,124.6,EUR
PAY000138,ORD000138,2026-05-25 05:03:30,Card,Paid,,100.3,EUR
PAY000139,ORD000139,2026-05-02 15:04:49,Bank Transfer,Paid,,86.55,EUR
PAY000140,ORD000140,2026-05-12 14:07:44,Wallet,Paid,,554.68,EUR
PAY000141,ORD000141,2026-05-09 11:05:57,Card,Paid,,641.42,EUR
PAY000142,ORD000142,2026-05-16 17:08:34,Wallet,Pending,,174.1,EUR
PAY000143,ORD000143,2026-05-05 03:10:43,Bank Transfer,Refunded,,1153.58,EUR
PAY000144,ORD000144,2026-05-15 07:36:47,Wallet,Pending,,30.68,EUR
PAY000145,ORD000145,2026-05-15 05:16:43,Card,Refunded,,1118.73,EUR
PAY000146,ORD000146,2026-05-10 23:27:09,Card,Paid,,612.17,EUR
PAY000147,ORD000147,2026-05-08 17:28:15,Card,Paid,,348.99,EUR
PAY000148,ORD000148,2026-05-13 05:01:11,Card,Paid,,348.25,EUR
PAY000149,ORD000149,2026-05-04 09:50:05,Card,Pending,,385.11,EUR
PAY000150,ORD000150,2026-05-04 11:22:38,Bank Transfer,Refunded,,688.76,EUR
PAY000151,ORD000151,2026-05-21 22:34:31,Bank Transfer,Failed,,349.55,EUR
PAY000152,ORD000152,2026-05-05 12:53:52,Wallet,Pending,,326.45,EUR
PAY000153,ORD000153,2026-05-08 04:18:14,Wallet,Paid,,161.21,EUR
PAY000154,ORD000154,2026-05-10 05:25:33,Bank Transfer,Paid,,263.42,EUR
PAY000155,ORD000155,2026-05-15 17:34:53,Wallet,Paid,,889.21,EUR
PAY000156,ORD000156,2026-05-11 22:15:27,PayPal,Paid,,596.44,EUR
PAY000157,ORD000157,2026-05-15 04:17:08,Card,Pending,,562.01,EUR
PAY000158,ORD000158,2026-05-15 05:25:53,Wallet,Paid,,208.08,EUR
PAY000159,ORD000159,2026-05-06 14:03:36,Card,Paid,,900.41,EUR
PAY000160,ORD000160,2026-05-01 00:29:57,Card,Refunded,,58.84,EUR
PAY000161,ORD000161,2026-05-04 22:54:27,Wallet,Paid,,670.78,EUR
PAY000162,ORD000162,2026-05-23 14:21:45,Wallet,Paid,,1033.8,EUR
PAY000163,ORD000163,2026-05-23 05:07:24,Wallet,Paid,,223.5,EUR
PAY000164,ORD000164,2026-05-01 13:12:59,PayPal,Paid,,170.09,EUR
PAY000165,ORD000165,2026-05-21 05:10:54,PayPal,Pending,,693.95,EUR
PAY000166,ORD000166,2026-05-17 04:11:56,Card,Failed,3DS Failed,665.05,EUR
PAY000167,ORD000167,2026-05-13 16:49:28,Bank Transfer,Refunded,,57.94,EUR
PAY000168,ORD000168,2026-05-02 18:18:04,Bank Transfer,Pending,,180.16,EUR
PAY000169,ORD000169,2026-05-14 06:14:43,PayPal,Paid,,907.51,EUR
PAY000170,ORD000170,2026-05-11 08:58:52,Card,Paid,,385.4,EUR
PAY000171,ORD000171,2026-05-21 21:32:30,Wallet,Pending,,536.65,EUR
PAY000172,ORD000172,2026-05-03 01:51:57,PayPal,Pending,,708.74,EUR
PAY000173,ORD000173,2026-05-09 02:15:05,Wallet,Paid,,147.98,EUR
PAY000174,ORD000174,2026-05-21 15:43:46,PayPal,Paid,,533.0,EUR
PAY000175,ORD000175,2026-05-11 08:10:17,PayPal,Paid,,694.4,EUR
PAY000176,ORD000176,2026-05-23 12:47:35,PayPal,Paid,,521.07,EUR
PAY000177,ORD000177,2026-05-25 00:14:01,PayPal,Paid,,497.08,EUR
PAY000178,ORD000178,2026-05-08 21:18:12,PayPal,Failed,Gateway Timeout,581.21,EUR
PAY000179,ORD000179,2026-05-20 19:23:47,Card,Pending,,649.93,EUR
PAY000180,ORD000180,2026-05-20 05:21:55,PayPal,Refunded,,252.85,EUR
PAY000181,ORD000181,2026-05-14 01:17:52,Bank Transfer,Failed,Card Declined,832.93,EUR
PAY000182,ORD000182,2026-05-23 14:05:53,Card,Failed,3DS Failed,112.77,EUR
PAY000183,ORD000183,2026-05-10 01:15:47,PayPal,Failed,,121.05,EUR
PAY000184,ORD000184,2026-05-03 16:43:14,Wallet,Failed,,212.4,EUR
PAY000185,ORD000185,2026-05-24 01:43:34,Card,Paid,,583.47,EUR
PAY000186,ORD000186,2026-05-12 21:24:32,Wallet,Refunded,,283.87,EUR
PAY000187,ORD000187,2026-05-24 11:38:41,Bank Transfer,Paid,,852.27,EUR
PAY000188,ORD000188,2026-05-17 00:13:21,Card,Pending,,550.51,EUR
PAY000189,ORD000189,2026-05-06 14:18:34,PayPal,Pending,,108.39,EUR
PAY000190,ORD000190,2026-05-01 15:11:12,PayPal,Paid,,589.64,EUR
PAY000191,ORD000191,2026-05-13 01:38:39,Bank Transfer,Pending,,435.2,EUR
PAY000192,ORD000192,2026-05-08 01:49:39,Wallet,Paid,,506.76,EUR
PAY000193,ORD000193,2026-05-12 16:38:03,PayPal,Failed,,571.85,EUR
PAY000194,ORD000194,2026-05-19 10:41:53,PayPal,Paid,,637.71,EUR
PAY000195,ORD000195,2026-05-24 04:20:02,Card,Paid,,347.74,EUR
PAY000196,ORD000196,2026-05-15 02:32:10,Card,Refunded,,371.25,EUR
PAY000197,ORD000197,2026-05-10 18:15:07,Bank Transfer,Paid,,1051.44,EUR
PAY000198,ORD000198,2026-05-21 10:01:41,PayPal,Paid,,232.75,EUR
PAY000199,ORD000199,2026-05-15 02:36:25,Bank Transfer,Paid,,100.63,EUR
PAY000200,ORD000200,2026-05-20 11:14:15,Wallet,Paid,,139.83,EUR
PAY000201,ORD000201,2026-05-08 00:42:18,Wallet,Paid,,106.95,EUR
PAY000202,ORD000202,2026-05-17 08:45:11,Wallet,Failed,,90.68,EUR
PAY000203,ORD000203,2026-05-22 10:46:06,Card,Refunded,,508.93,EUR
PAY000204,ORD000204,2026-05-15 11:54:05,Bank Transfer,Paid,,827.65,EUR
PAY000205,ORD000205,2026-05-16 07:21:33,Card,Refunded,,262.94,EUR
PAY000206,ORD000206,2026-05-10 09:42:16,PayPal,Failed,Gateway Timeout,243.07,EUR
PAY000207,ORD000207,2026-05-01 09:53:57,Bank Transfer,Paid,,30.0,EUR
PAY000208,ORD000208,2026-05-15 02:17:20,PayPal,Paid,,1064.41,EUR
PAY000209,ORD000209,2026-05-12 07:09:19,PayPal,Failed,Card Declined,678.74,EUR
PAY000210,ORD000210,2026-05-08 14:46:03,Wallet,Pending,,869.69,EUR
PAY000211,ORD000211,2026-05-11 14:41:12,Bank Transfer,Paid,,284.27,EUR
PAY000212,ORD000212,2026-05-06 16:49:36,Bank Transfer,Failed,,631.52,EUR
PAY000213,ORD000213,2026-05-02 02:45:21,Card,Paid,,167.37,EUR
PAY000214,ORD000214,2026-05-15 07:47:13,Wallet,Paid,,26.19,EUR
PAY000215,ORD000215,2026-05-14 08:58:59,Bank Transfer,Pending,,453.8,EUR
PAY000216,ORD000216,2026-05-18 07:19:40,Card,Paid,,223.63,EUR
PAY000217,ORD000217,2026-05-05 07:57:03,PayPal,Pending,,1754.06,EUR
PAY000218,ORD000218,2026-05-13 16:28:38,Bank Transfer,Paid,,102.24,EUR
PAY000219,ORD000219,2026-05-14 12:53:40,Card,Pending,,786.35,EUR
PAY000220,ORD000220,2026-05-18 18:35:16,Wallet,Paid,,710.66,EUR
PAY000221,ORD000221,2026-05-10 10:10:00,PayPal,Refunded,,412.11,EUR
PAY000222,ORD000222,2026-05-20 23:31:28,Wallet,Failed,,424.22,EUR
PAY000223,ORD000223,2026-05-17 11:16:20,Wallet,Failed,,840.61,EUR
PAY000224,ORD000224,2026-05-04 16:40:56,PayPal,Paid,,276.6,EUR
PAY000225,ORD000225,2026-05-16 19:17:48,Bank Transfer,Failed,3DS Failed,353.91,EUR
PAY000226,ORD000226,2026-05-12 03:56:49,Bank Transfer,Paid,,375.57,EUR
PAY000227,ORD000227,2026-05-13 19:10:32,PayPal,Paid,,1555.27,EUR
PAY000228,ORD000228,2026-05-18 17:22:30,Bank Transfer,Paid,,794.88,EUR
PAY000229,ORD000229,2026-05-05 20:35:26,Wallet,Paid,,605.05,EUR
PAY000230,ORD000230,2026-05-22 04:39:20,Wallet,Refunded,,725.83,EUR
PAY000231,ORD000231,2026-05-10 03:06:55,PayPal,Paid,,1968.86,EUR
PAY000232,ORD000232,2026-05-24 23:17:30,PayPal,Paid,,1162.21,EUR
PAY000233,ORD000233,2026-05-10 02:51:41,PayPal,Failed,3DS Failed,46.1,EUR
PAY000234,ORD000234,2026-05-18 21:26:00,Wallet,Paid,,799.35,EUR
PAY000235,ORD000235,2026-05-02 01:21:27,Card,Paid,,1121.93,EUR
PAY000236,ORD000236,2026-05-04 20:56:10,Bank Transfer,Pending,,936.07,EUR
PAY000237,ORD000237,2026-05-13 10:56:40,PayPal,Failed,,667.78,EUR
PAY000238,ORD000238,2026-05-11 07:58:28,Bank Transfer,Pending,,408.05,EUR
PAY000239,ORD000239,2026-05-06 22:07:27,Card,Refunded,,225.75,EUR
PAY000240,ORD000240,2026-05-20 22:33:25,Card,Pending,,672.19,EUR
PAY000241,ORD000241,2026-05-21 20:27:10,Card,Refunded,,1116.24,EUR
PAY000242,ORD000242,2026-05-04 09:43:44,Card,Pending,,563.62,EUR
PAY000243,ORD000243,2026-05-21 21:13:20,Wallet,Refunded,,277.49,EUR
PAY000244,ORD000244,2026-05-11 13:30:51,Card,Refunded,,669.06,EUR
PAY000245,ORD000245,2026-05-04 13:07:38,Card,Paid,,1205.92,EUR
PAY000246,ORD000246,2026-05-11 16:12:33,Wallet,Pending,,750.54,EUR
PAY000247,ORD000247,2026-05-15 20:36:00,PayPal,Paid,,604.54,EUR
PAY000248,ORD000248,2026-05-02 03:19:43,Card,Paid,,580.52,EUR
PAY000249,ORD000249,2026-05-21 10:58:53,Card,Refunded,,465.47,EUR
PAY000250,ORD000250,2026-05-15 03:46:53,Card,Failed,,901.82,EUR
PAY000251,ORD000251,2026-05-11 07:25:03,Card,Paid,,588.9,EUR
PAY000252,ORD000252,2026-05-10 06:18:53,Wallet,Paid,,544.13,EUR
PAY000253,ORD000253,2026-05-22 16:56:32,PayPal,Paid,,53.31,EUR
PAY000254,ORD000254,2026-05-08 16:20:27,PayPal,Paid,,1338.36,EUR
PAY000255,ORD000255,2026-05-18 03:46:15,PayPal,Pending,,370.97,EUR
PAY000256,ORD000256,2026-05-18 23:36:20,Card,Paid,,322.66,EUR
PAY000257,ORD000257,2026-05-20 12:51:14,Bank Transfer,Paid,,1166.59,EUR
PAY000258,ORD000258,2026-05-19 03:59:12,Card,Paid,,459.3,EUR
PAY000259,ORD000259,2026-05-16 21:22:35,Bank Transfer,Paid,,433.7,EUR
PAY000260,ORD000260,2026-05-03 13:45:20,PayPal,Paid,,148.47,EUR
PAY000261,ORD000261,2026-05-19 11:48:55,Card,Failed,Card Declined,386.95,EUR
PAY000262,ORD000262,2026-05-14 16:23:29,Card,Paid,,758.4,EUR
PAY000263,ORD000263,2026-05-08 03:40:26,Bank Transfer,Refunded,,419.64,EUR
PAY000264,ORD000264,2026-05-24 20:58:38,PayPal,Paid,,300.89,EUR
PAY000265,ORD000265,2026-05-20 12:14:07,Card,Paid,,592.15,EUR
PAY000266,ORD000266,2026-05-15 18:33:37,PayPal,Paid,,89.56,EUR
PAY000267,ORD000267,2026-05-02 12:35:44,Bank Transfer,Paid,,251.69,EUR
PAY000268,ORD000268,2026-05-18 10:52:57,Bank Transfer,Failed,,67.17,EUR
PAY000269,ORD000269,2026-05-07 22:40:58,Card,Failed,,1052.5,EUR
PAY000270,ORD000270,2026-05-14 12:10:04,PayPal,Failed,Gateway Timeout,474.71,EUR
PAY000271,ORD000271,2026-05-17 22:46:26,Bank Transfer,Failed,,525.98,EUR
PAY000272,ORD000272,2026-05-08 02:32:12,PayPal,Paid,,519.53,EUR
PAY000273,ORD000273,2026-05-17 22:28:20,PayPal,Failed,,183.5,EUR
PAY000274,ORD000274,2026-05-24 10:10:04,Bank Transfer,Failed,,55.29,EUR
PAY000275,ORD000275,2026-05-24 03:17:09,Card,Paid,,255.95,EUR
PAY000276,ORD000276,2026-05-18 01:31:21,Card,Pending,,20.27,EUR
PAY000277,ORD000277,2026-05-21 15:09:21,Wallet,Failed,,832.18,EUR
PAY000278,ORD000278,2026-05-23 20:25:45,PayPal,Paid,,941.1,EUR
PAY000279,ORD000279,2026-05-18 21:03:06,Bank Transfer,Refunded,,1169.08,EUR
PAY000280,ORD000280,2026-05-14 15:27:24,PayPal,Refunded,,209.37,EUR
PAY000281,ORD000281,2026-05-13 17:45:11,PayPal,Paid,,136.84,EUR
PAY000282,ORD000282,2026-05-21 08:57:38,PayPal,Failed,,385.06,EUR
PAY000283,ORD000283,2026-05-11 20:37:10,Wallet,Failed,,640.85,EUR
PAY000284,ORD000284,2026-05-18 13:19:27,PayPal,Paid,,596.19,EUR
PAY000285,ORD000285,2026-05-17 08:57:33,Wallet,Pending,,471.28,EUR
PAY000286,ORD000286,2026-05-17 06:20:09,Wallet,Paid,,1232.66,EUR
PAY000287,ORD000287,2026-05-11 06:40:02,Wallet,Refunded,,361.11,EUR
PAY000288,ORD000288,2026-05-03 15:16:49,Wallet,Failed,,364.28,EUR
PAY000289,ORD000289,2026-05-13 21:12:54,Wallet,Pending,,239.63,EUR
PAY000290,ORD000290,2026-05-07 03:04:15,Wallet,Failed,Gateway Timeout,882.89,EUR
PAY000291,ORD000291,2026-05-03 09:25:40,Bank Transfer,Paid,,42.54,EUR
PAY000292,ORD000292,2026-05-03 08:05:09,PayPal,Paid,,769.0,EUR
PAY000293,ORD000293,2026-05-04 06:30:53,Bank Transfer,Paid,,1054.14,EUR
PAY000294,ORD000294,2026-05-06 17:17:09,Bank Transfer,Pending,,252.97,EUR
PAY000295,ORD000295,2026-05-15 07:07:17,Card,Refunded,,892.79,EUR
PAY000296,ORD000296,2026-05-24 14:05:01,PayPal,Failed,Gateway Timeout,810.46,EUR
PAY000297,ORD000297,2026-05-01 21:42:31,Card,Paid,,636.09,EUR
PAY000298,ORD000298,2026-05-06 11:25:56,Bank Transfer,Paid,,261.58,EUR
PAY000299,ORD000299,2026-05-10 07:23:52,Bank Transfer,Refunded,,687.96,EUR
PAY000300,ORD000300,2026-05-20 15:09:54,Bank Transfer,Paid,,513.59,EUR
PAY000301,ORD000301,2026-05-25 14:59:06,PayPal,Paid,,1234.7,EUR
PAY000302,ORD000302,2026-05-01 20:14:02,Bank Transfer,Pending,,681.66,EUR
PAY000303,ORD000303,2026-05-25 05:00:24,Wallet,Refunded,,426.89,EUR
PAY000304,ORD000304,2026-05-13 22:29:42,Card,Paid,,507.89,EUR
PAY000305,ORD000305,2026-05-15 11:58:29,Wallet,Paid,,356.31,EUR
PAY000306,ORD000306,2026-05-25 08:46:15,Wallet,Paid,,789.65,EUR
PAY000307,ORD000307,2026-05-06 00:05:06,PayPal,Paid,,960.53,EUR
PAY000308,ORD000308,2026-05-24 07:56:37,Bank Transfer,Paid,,826.45,EUR
PAY000309,ORD000309,2026-05-02 18:30:05,Card,Pending,,443.11,EUR
PAY000310,ORD000310,2026-05-12 08:54:55,PayPal,Failed,Card Declined,319.18,EUR
PAY000311,ORD000311,2026-05-06 06:58:40,Wallet,Refunded,,720.0,EUR
PAY000312,ORD000312,2026-05-12 07:57:32,Wallet,Paid,,244.84,EUR
PAY000313,ORD000313,2026-05-06 07:17:35,Card,Paid,,736.72,EUR
PAY000314,ORD000314,2026-05-09 20:48:57,Card,Pending,,836.14,EUR
PAY000315,ORD000315,2026-05-05 03:33:39,Wallet,Paid,,516.86,EUR
PAY000316,ORD000316,2026-05-24 17:54:43,Card,Paid,,521.08,EUR
PAY000317,ORD000317,2026-05-22 03:17:49,PayPal,Pending,,761.84,EUR
PAY000318,ORD000318,2026-05-17 22:55:21,Card,Failed,3DS Failed,134.17,EUR
PAY000319,ORD000319,2026-05-15 10:18:00,Wallet,Paid,,904.68,EUR
PAY000320,ORD000320,2026-05-21 01:35:34,PayPal,Paid,,57.94,EUR
PAY000321,ORD000321,2026-05-04 20:51:11,Card,Paid,,1230.79,EUR
PAY000322,ORD000322,2026-05-20 07:17:07,Wallet,Paid,,314.12,EUR
PAY000323,ORD000323,2026-05-23 21:45:22,PayPal,Paid,,1086.84,EUR
PAY000324,ORD000324,2026-05-17 08:42:51,PayPal,Pending,,677.99,EUR
PAY000325,ORD000325,2026-05-16 03:41:38,Card,Paid,,959.35,EUR
PAY000326,ORD000326,2026-05-07 20:14:56,PayPal,Failed,Card Declined,229.69,EUR
PAY000327,ORD000327,2026-05-11 15:46:07,Bank Transfer,Paid,,1331.34,EUR
PAY000328,ORD000328,2026-05-23 19:03:28,Bank Transfer,Paid,,630.57,EUR
PAY000329,ORD000329,2026-05-03 16:41:30,PayPal,Paid,,43.18,EUR
PAY000330,ORD000330,2026-05-02 16:05:33,Card,Refunded,,141.26,EUR
PAY000331,ORD000331,2026-05-18 05:26:20,PayPal,Paid,,38.31,EUR
PAY000332,ORD000332,2026-05-21 04:46:51,PayPal,Failed,,940.64,EUR
PAY000333,ORD000333,2026-05-05 05:37:44,Card,Paid,,235.01,EUR
PAY000334,ORD000334,2026-05-09 14:59:19,Wallet,Pending,,55.05,EUR
PAY000335,ORD000335,2026-05-16 15:08:39,Card,Pending,,401.39,EUR
PAY000336,ORD000336,2026-05-24 20:35:56,Wallet,Paid,,105.68,EUR
PAY000337,ORD000337,2026-05-13 21:13:03,Bank Transfer,Refunded,,72.63,EUR
PAY000338,ORD000338,2026-05-19 02:51:06,Card,Pending,,71.99,EUR
PAY000339,ORD000339,2026-05-23 08:25:28,Bank Transfer,Paid,,486.68,EUR
PAY000340,ORD000340,2026-05-18 22:13:43,Wallet,Pending,,359.72,EUR
PAY000341,ORD000341,2026-05-25 19:48:26,Wallet,Refunded,,531.39,EUR
PAY000342,ORD000342,2026-05-10 01:45:17,Card,Failed,,912.03,EUR
PAY000343,ORD000343,2026-05-12 06:51:19,Bank Transfer,Failed,Card Declined,1455.16,EUR
PAY000344,ORD000344,2026-05-23 00:49:09,PayPal,Failed,Card Declined,552.78,EUR
PAY000345,ORD000345,2026-05-19 11:10:47,PayPal,Paid,,28.97,EUR
PAY000346,ORD000346,2026-05-04 09:19:15,Bank Transfer,Refunded,,500.64,EUR
PAY000347,ORD000347,2026-05-19 05:57:34,PayPal,Refunded,,119.37,EUR
PAY000348,ORD000348,2026-05-08 18:24:47,Wallet,Pending,,570.38,EUR
PAY000349,ORD000349,2026-05-13 13:34:09,Bank Transfer,Failed,,642.72,EUR
PAY000350,ORD000350,2026-05-03 04:33:18,Card,Paid,,563.04,EUR
PAY000351,ORD000351,2026-05-09 10:53:46,Wallet,Failed,,875.22,EUR
PAY000352,ORD000352,2026-05-16 10:56:36,Wallet,Failed,Card Declined,522.99,EUR
PAY000353,ORD000353,2026-05-07 02:37:43,Card,Failed,3DS Failed,820.23,EUR
PAY000354,ORD000354,2026-05-13 23:47:23,PayPal,Paid,,910.89,EUR
PAY000355,ORD000355,2026-05-16 23:25:51,Card,Refunded,,254.02,EUR
PAY000356,ORD000356,2026-05-10 18:37:39,Card,Paid,,183.99,EUR
PAY000357,ORD000357,2026-05-07 23:31:48,Bank Transfer,Pending,,1148.54,EUR
PAY000358,ORD000358,2026-05-14 23:12:31,Card,Pending,,1155.28,EUR
PAY000359,ORD000359,2026-05-05 11:25:46,PayPal,Paid,,650.42,EUR
PAY000360,ORD000360,2026-05-06 14:49:07,Bank Transfer,Paid,,773.95,EUR
PAY000361,ORD000361,2026-05-15 13:34:37,PayPal,Paid,,78.03,EUR
PAY000362,ORD000362,2026-05-09 21:24:58,PayPal,Failed,,563.12,EUR
PAY000363,ORD000363,2026-05-02 23:25:54,PayPal,Paid,,313.7,EUR
PAY000364,ORD000364,2026-05-22 23:39:29,Wallet,Failed,,168.98,EUR
PAY000365,ORD000365,2026-05-17 10:12:18,Wallet,Paid,,301.69,EUR
PAY000366,ORD000366,2026-05-15 01:08:59,Card,Failed,3DS Failed,621.12,EUR
PAY000367,ORD000367,2026-05-17 14:19:26,Card,Paid,,612.68,EUR
PAY000368,ORD000368,2026-05-06 18:38:41,Card,Pending,,208.63,EUR
PAY000369,ORD000369,2026-05-25 11:34:38,Bank Transfer,Failed,,243.36,EUR
PAY000370,ORD000370,2026-05-11 15:10:28,Bank Transfer,Paid,,222.97,EUR
PAY000371,ORD000371,2026-05-11 22:34:56,PayPal,Failed,Card Declined,751.24,EUR
PAY000372,ORD000372,2026-05-18 06:14:41,Wallet,Paid,,407.3,EUR
PAY000373,ORD000373,2026-05-24 01:27:23,Wallet,Paid,,101.72,EUR
PAY000374,ORD000374,2026-05-06 18:22:57,PayPal,Pending,,170.43,EUR
PAY000375,ORD000375,2026-05-13 09:58:40,Wallet,Paid,,1358.22,EUR
PAY000376,ORD000376,2026-05-22 01:33:44,PayPal,Paid,,38.05,EUR
PAY000377,ORD000377,2026-05-19 05:23:00,Bank Transfer,Paid,,521.48,EUR
PAY000378,ORD000378,2026-05-03 20:03:04,Card,Paid,,49.47,EUR
PAY000379,ORD000379,2026-05-08 11:06:21,PayPal,Refunded,,1389.26,EUR
PAY000380,ORD000380,2026-05-16 01:43:09,PayPal,Paid,,448.24,EUR
PAY000381,ORD000381,2026-05-07 05:18:04,Wallet,Paid,,757.92,EUR
PAY000382,ORD000382,2026-05-09 21:08:29,Card,Pending,,442.69,EUR
PAY000383,ORD000383,2026-05-15 02:30:59,Card,Paid,,287.7,EUR
PAY000384,ORD000384,2026-05-04 23:06:56,PayPal,Paid,,347.47,EUR
PAY000385,ORD000385,2026-05-08 20:39:38,PayPal,Refunded,,346.2,EUR
PAY000386,ORD000386,2026-05-07 04:48:22,Bank Transfer,Paid,,42.68,EUR
PAY000387,ORD000387,2026-05-07 03:32:48,Wallet,Paid,,801.08,EUR
PAY000388,ORD000388,2026-05-08 21:51:27,Wallet,Pending,,435.09,EUR
PAY000389,ORD000389,2026-05-04 16:10:28,PayPal,Paid,,880.67,EUR
PAY000390,ORD000390,2026-05-01 00:59:26,Wallet,Failed,,292.89,EUR
PAY000391,ORD000391,2026-05-09 15:21:18,PayPal,Pending,,1252.43,EUR
PAY000392,ORD000392,2026-05-03 15:28:02,PayPal,Paid,,150.45,EUR
PAY000393,ORD000393,2026-05-24 04:19:17,Bank Transfer,Pending,,555.37,EUR
PAY000394,ORD000394,2026-05-19 07:43:32,PayPal,Paid,,63.81,EUR
PAY000395,ORD000395,2026-05-15 03:35:26,Wallet,Paid,,206.45,EUR
PAY000396,ORD000396,2026-05-24 04:44:28,Wallet,Refunded,,1081.41,EUR
PAY000397,ORD000397,2026-05-23 06:34:23,Card,Paid,,1481.02,EUR
PAY000398,ORD000398,2026-05-14 03:30:18,Bank Transfer,Paid,,367.47,EUR
PAY000399,ORD000399,2026-05-11 09:20:54,PayPal,Paid,,928.94,EUR
PAY000400,ORD000400,2026-05-08 16:30:01,Card,Refunded,,274.33,EUR
PAY000401,ORD000401,2026-05-23 16:12:41,PayPal,Pending,,793.67,EUR
PAY000402,ORD000402,2026-05-04 21:28:11,Card,Paid,,770.78,EUR
PAY000403,ORD000403,2026-05-23 20:49:39,Wallet,Paid,,453.87,EUR
PAY000404,ORD000404,2026-05-02 21:37:04,Wallet,Paid,,317.36,EUR
PAY000405,ORD000405,2026-05-24 21:19:50,Wallet,Refunded,,518.05,EUR
PAY000406,ORD000406,2026-05-06 04:10:06,Bank Transfer,Paid,,471.91,EUR
PAY000407,ORD000407,2026-05-07 12:09:42,Bank Transfer,Paid,,154.43,EUR
PAY000408,ORD000408,2026-05-03 13:34:21,PayPal,Paid,,1154.24,EUR
PAY000409,ORD000409,2026-05-15 11:11:39,PayPal,Failed,3DS Failed,348.89,EUR
PAY000410,ORD000410,2026-05-08 20:07:57,PayPal,Paid,,456.18,EUR
PAY000411,ORD000411,2026-05-17 12:18:43,Card,Paid,,435.74,EUR
PAY000412,ORD000412,2026-05-04 11:31:33,Wallet,Pending,,459.09,EUR
PAY000413,ORD000413,2026-05-23 16:56:31,Wallet,Paid,,404.9,EUR
PAY000414,ORD000414,2026-05-16 22:02:19,PayPal,Paid,,515.94,EUR
PAY000415,ORD000415,2026-05-24 08:16:29,PayPal,Paid,,406.18,EUR
PAY000416,ORD000416,2026-05-25 12:01:58,PayPal,Paid,,246.24,EUR
PAY000417,ORD000417,2026-05-07 14:05:35,PayPal,Failed,,51.99,EUR
PAY000418,ORD000418,2026-05-08 19:12:21,Card,Paid,,632.76,EUR
PAY000419,ORD000419,2026-05-16 01:33:18,PayPal,Paid,,1181.79,EUR
PAY000420,ORD000420,2026-05-16 11:44:59,Card,Paid,,845.31,EUR
PAY000421,ORD000421,2026-05-20 07:56:28,Bank Transfer,Pending,,951.35,EUR
PAY000422,ORD000422,2026-05-19 02:47:11,Wallet,Paid,,1254.54,EUR
PAY000423,ORD000423,2026-05-23 16:16:27,Bank Transfer,Paid,,60.72,EUR
PAY000424,ORD000424,2026-05-17 17:50:57,PayPal,Failed,,460.98,EUR
PAY000425,ORD000425,2026-05-07 04:35:44,Bank Transfer,Refunded,,693.78,EUR
PAY000426,ORD000426,2026-05-06 23:33:17,Bank Transfer,Refunded,,439.9,EUR
PAY000427,ORD000427,2026-05-18 14:50:24,Bank Transfer,Failed,Gateway Timeout,231.2,EUR
PAY000428,ORD000428,2026-05-13 12:09:33,PayPal,Failed,,1679.73,EUR
PAY000429,ORD000429,2026-05-11 17:22:41,Card,Pending,,325.02,EUR
PAY000430,ORD000430,2026-05-18 18:28:50,Bank Transfer,Pending,,246.67,EUR
PAY000431,ORD000431,2026-05-24 19:33:03,Wallet,Pending,,999.55,EUR
PAY000432,ORD000432,2026-05-21 11:29:19,Wallet,Refunded,,641.86,EUR
PAY000433,ORD000433,2026-05-06 00:37:57,Wallet,Pending,,482.43,EUR
PAY000434,ORD000434,2026-05-10 15:49:33,PayPal,Paid,,1302.13,EUR
PAY000435,ORD000435,2026-05-21 05:05:47,Bank Transfer,Failed,,656.22,EUR
PAY000436,ORD000436,2026-05-12 02:45:08,Card,Failed,,490.19,EUR
PAY000437,ORD000437,2026-05-02 17:39:40,Bank Transfer,Refunded,,721.08,EUR
PAY000438,ORD000438,2026-05-10 12:33:15,Wallet,Refunded,,45.51,EUR
PAY000439,ORD000439,2026-05-03 22:42:12,Wallet,Refunded,,324.35,EUR
PAY000440,ORD000440,2026-05-11 12:13:46,Card,Failed,,777.54,EUR
PAY000441,ORD000441,2026-05-08 03:01:19,Bank Transfer,Failed,Card Declined,339.14,EUR
PAY000442,ORD000442,2026-05-03 01:33:24,PayPal,Paid,,808.41,EUR
PAY000443,ORD000443,2026-05-16 07:44:15,Bank Transfer,Failed,,61.52,EUR
PAY000444,ORD000444,2026-05-15 02:01:28,Card,Refunded,,58.48,EUR
PAY000445,ORD000445,2026-05-19 06:46:07,PayPal,Paid,,152.18,EUR
PAY000446,ORD000446,2026-05-15 23:45:44,PayPal,Pending,,938.08,EUR
PAY000447,ORD000447,2026-05-15 15:00:04,Bank Transfer,Paid,,526.68,EUR
PAY000448,ORD000448,2026-05-11 11:44:18,Card,Paid,,1345.4,EUR
PAY000449,ORD000449,2026-05-17 01:06:31,Card,Failed,3DS Failed,591.97,EUR
PAY000450,ORD000450,2026-05-07 00:57:41,Bank Transfer,Pending,,498.59,EUR
PAY000451,ORD000451,2026-05-10 06:33:38,Bank Transfer,Pending,,492.62,EUR
PAY000452,ORD000452,2026-05-02 14:58:17,Card,Paid,,329.46,EUR
PAY000453,ORD000453,2026-05-10 08:08:12,Bank Transfer,Pending,,97.69,EUR
PAY000454,ORD000454,2026-05-22 04:01:05,PayPal,Failed,Card Declined,589.11,EUR
PAY000455,ORD000455,2026-05-02 09:08:18,PayPal,Paid,,771.26,EUR
PAY000456,ORD000456,2026-05-18 20:48:02,Wallet,Pending,,786.23,EUR
PAY000457,ORD000457,2026-05-02 09:41:47,Bank Transfer,Paid,,113.45,EUR
PAY000458,ORD000458,2026-05-19 13:24:43,Wallet,Paid,,283.56,EUR
PAY000459,ORD000459,2026-05-22 23:15:04,Card,Refunded,,562.13,EUR
PAY000460,ORD000460,2026-05-24 17:37:30,Card,Pending,,861.63,EUR
PAY000461,ORD000461,2026-05-16 10:07:48,Card,Refunded,,945.31,EUR
PAY000462,ORD000462,2026-05-24 21:17:14,PayPal,Refunded,,607.44,EUR
PAY000463,ORD000463,2026-05-17 05:07:25,Bank Transfer,Paid,,559.49,EUR
PAY000464,ORD000464,2026-05-24 12:15:25,PayPal,Paid,,1519.97,EUR
PAY000465,ORD000465,2026-05-10 17:26:24,Bank Transfer,Paid,,269.35,EUR
PAY000466,ORD000466,2026-05-09 04:00:59,PayPal,Paid,,539.19,EUR
PAY000467,ORD000467,2026-05-01 05:52:36,PayPal,Paid,,286.38,EUR
PAY000468,ORD000468,2026-05-10 05:49:25,Wallet,Paid,,207.21,EUR
PAY000469,ORD000469,2026-05-07 14:31:02,Bank Transfer,Paid,,182.16,EUR
PAY000470,ORD000470,2026-05-09 00:29:19,PayPal,Refunded,,376.77,EUR
PAY000471,ORD000471,2026-05-24 05:44:52,Bank Transfer,Paid,,655.66,EUR
PAY000472,ORD000472,2026-05-10 12:28:27,PayPal,Paid,,346.2,EUR
PAY000473,ORD000473,2026-05-09 21:23:09,Wallet,Paid,,1086.88,EUR
PAY000474,ORD000474,2026-05-02 23:46:28,Bank Transfer,Refunded,,1016.08,EUR
PAY000475,ORD000475,2026-05-20 22:11:59,Wallet,Paid,,476.21,EUR
PAY000476,ORD000476,2026-05-20 02:13:47,PayPal,Paid,,931.94,EUR
PAY000477,ORD000477,2026-05-03 04:04:33,PayPal,Paid,,88.46,EUR
PAY000478,ORD000478,2026-05-07 23:42:53,PayPal,Paid,,114.14,EUR
PAY000479,ORD000479,2026-05-23 08:52:02,Card,Paid,,52.65,EUR
PAY000480,ORD000480,2026-05-07 20:40:18,Wallet,Pending,,131.48,EUR
PAY000481,ORD000481,2026-05-15 11:02:21,PayPal,Paid,,629.65,EUR
PAY000482,ORD000482,2026-05-17 03:21:20,PayPal,Paid,,291.39,EUR
PAY000483,ORD000483,2026-05-14 17:47:29,Card,Failed,,1115.1,EUR
PAY000484,ORD000484,2026-05-14 13:24:09,Card,Pending,,858.04,EUR
PAY000485,ORD000485,2026-05-09 19:48:40,PayPal,Failed,Card Declined,932.26,EUR
PAY000486,ORD000486,2026-05-03 07:08:53,Card,Paid,,381.35,EUR
PAY000487,ORD000487,2026-05-15 01:24:51,Card,Paid,,667.78,EUR
PAY000488,ORD000488,2026-05-01 22:25:57,Bank Transfer,Paid,,1423.47,EUR
PAY000489,ORD000489,2026-05-22 23:11:37,PayPal,Refunded,,347.53,EUR
PAY000490,ORD000490,2026-05-22 08:41:49,Wallet,Paid,,534.81,EUR
PAY000491,ORD000491,2026-05-24 02:38:35,Bank Transfer,Paid,,1488.45,EUR
PAY000492,ORD000492,2026-05-04 09:49:53,Wallet,Failed,,791.03,EUR
PAY000493,ORD000493,2026-05-03 02:49:51,Wallet,Paid,,290.0,EUR
PAY000494,ORD000494,2026-05-11 05:04:34,PayPal,Paid,,465.72,EUR
PAY000495,ORD000495,2026-05-04 08:17:35,Wallet,Failed,,347.18,EUR
PAY000496,ORD000496,2026-05-14 09:55:59,Wallet,Failed,3DS Failed,424.43,EUR
PAY000497,ORD000497,2026-05-09 12:04:51,Wallet,Paid,,590.89,EUR
PAY000498,ORD000498,2026-05-16 07:45:40,PayPal,Paid,,38.05,EUR
PAY000499,ORD000499,2026-05-11 17:21:57,Card,Paid,,771.23,EUR
PAY000500,ORD000500,2026-05-08 02:59:46,PayPal,Paid,,1188.32,EUR
PAY000501,ORD000501,2026-05-08 09:11:40,Bank Transfer,Paid,,274.99,EUR
PAY000502,ORD000502,2026-05-01 08:23:06,Wallet,Paid,,84.9,EUR
PAY000503,ORD000503,2026-05-10 22:54:57,Wallet,Paid,,1011.7,EUR
PAY000504,ORD000504,2026-05-17 16:16:11,Bank Transfer,Paid,,338.31,EUR
PAY000505,ORD000505,2026-05-01 13:14:15,Card,Paid,,1219.15,EUR
PAY000506,ORD000506,2026-05-05 16:21:40,PayPal,Paid,,328.64,EUR
PAY000507,ORD000507,2026-05-04 17:49:13,Card,Paid,,720.59,EUR
PAY000508,ORD000508,2026-05-08 09:26:09,PayPal,Paid,,233.02,EUR
PAY000509,ORD000509,2026-05-25 06:32:37,PayPal,Failed,,443.52,EUR
PAY000510,ORD000510,2026-05-01 04:02:16,Wallet,Refunded,,335.92,EUR
PAY000511,ORD000511,2026-05-05 08:09:54,Wallet,Refunded,,590.65,EUR
PAY000512,ORD000512,2026-05-07 08:53:12,PayPal,Pending,,250.82,EUR
PAY000513,ORD000513,2026-05-01 12:47:13,Bank Transfer,Paid,,674.24,EUR
PAY000514,ORD000514,2026-05-20 09:48:38,Card,Refunded,,597.96,EUR
PAY000515,ORD000515,2026-05-01 04:03:27,PayPal,Failed,,122.66,EUR
PAY000516,ORD000516,2026-05-05 15:30:28,Wallet,Pending,,111.75,EUR
PAY000517,ORD000517,2026-05-01 20:52:43,PayPal,Paid,,466.29,EUR
PAY000518,ORD000518,2026-05-08 06:38:21,Card,Paid,,112.2,EUR
PAY000519,ORD000519,2026-05-13 11:51:43,Wallet,Paid,,154.58,EUR
PAY000520,ORD000520,2026-05-14 16:20:08,Card,Pending,,884.59,EUR
PAY000521,ORD000521,2026-05-22 04:50:27,PayPal,Pending,,553.51,EUR
PAY000522,ORD000522,2026-05-17 13:52:33,Bank Transfer,Paid,,841.13,EUR
PAY000523,ORD000523,2026-05-08 02:00:50,Wallet,Failed,Gateway Timeout,583.75,EUR
PAY000524,ORD000524,2026-05-25 21:27:06,Bank Transfer,Paid,,227.36,EUR
PAY000525,ORD000525,2026-05-22 02:16:15,Wallet,Pending,,424.56,EUR
PAY000526,ORD000526,2026-05-04 12:51:56,Bank Transfer,Paid,,335.25,EUR
PAY000527,ORD000527,2026-05-01 20:09:16,Bank Transfer,Paid,,157.01,EUR
PAY000528,ORD000528,2026-05-08 07:14:07,Wallet,Pending,,328.84,EUR
PAY000529,ORD000529,2026-05-03 06:33:08,PayPal,Pending,,721.62,EUR
PAY000530,ORD000530,2026-05-23 03:54:19,Bank Transfer,Refunded,,111.2,EUR
PAY000531,ORD000531,2026-05-03 14:56:52,PayPal,Failed,Gateway Timeout,77.08,EUR
PAY000532,ORD000532,2026-05-14 02:28:06,Bank Transfer,Paid,,1374.14,EUR
PAY000533,ORD000533,2026-05-06 22:09:41,Bank Transfer,Paid,,777.62,EUR
PAY000534,ORD000534,2026-05-02 16:19:52,Wallet,Pending,,402.53,EUR
PAY000535,ORD000535,2026-05-06 09:41:45,Bank Transfer,Paid,,159.82,EUR
PAY000536,ORD000536,2026-05-10 23:08:46,Bank Transfer,Pending,,226.12,EUR
PAY000537,ORD000537,2026-05-15 07:58:07,Card,Paid,,287.4,EUR
PAY000538,ORD000538,2026-05-13 15:33:31,PayPal,Paid,,237.74,EUR
PAY000539,ORD000539,2026-05-09 07:47:32,PayPal,Paid,,727.22,EUR
PAY000540,ORD000540,2026-05-21 05:11:37,Wallet,Pending,,74.21,EUR
PAY000541,ORD000541,2026-05-07 00:28:12,Card,Refunded,,820.66,EUR
PAY000542,ORD000542,2026-05-14 21:15:47,PayPal,Failed,,332.08,EUR
PAY000543,ORD000543,2026-05-12 04:23:03,Card,Paid,,271.66,EUR
PAY000544,ORD000544,2026-05-22 15:17:26,PayPal,Pending,,81.26,EUR
PAY000545,ORD000545,2026-05-05 07:11:16,PayPal,Failed,Card Declined,654.77,EUR
PAY000546,ORD000546,2026-05-14 03:05:53,Card,Paid,,463.14,EUR
PAY000547,ORD000547,2026-05-15 17:47:12,PayPal,Pending,,175.22,EUR
PAY000548,ORD000548,2026-05-19 04:26:29,Wallet,Pending,,643.27,EUR
PAY000549,ORD000549,2026-05-06 13:33:03,Wallet,Refunded,,1503.84,EUR
PAY000550,ORD000550,2026-05-25 04:14:28,Bank Transfer,Paid,,43.93,EUR
PAY000551,ORD000551,2026-05-21 11:15:45,Bank Transfer,Paid,,519.6,EUR
PAY000552,ORD000552,2026-05-06 09:11:26,Wallet,Refunded,,1211.14,EUR
PAY000553,ORD000553,2026-05-22 23:09:06,Card,Paid,,487.39,EUR
PAY000554,ORD000554,2026-05-07 11:32:39,Bank Transfer,Paid,,715.22,EUR
PAY000555,ORD000555,2026-05-09 17:36:35,Card,Paid,,546.89,EUR
PAY000556,ORD000556,2026-05-12 19:53:16,Bank Transfer,Refunded,,1109.92,EUR
PAY000557,ORD000557,2026-05-08 22:18:33,Wallet,Paid,,982.55,EUR
PAY000558,ORD000558,2026-05-12 16:59:30,PayPal,Paid,,355.92,EUR
PAY000559,ORD000559,2026-05-01 04:30:50,Bank Transfer,Paid,,853.31,EUR
PAY000560,ORD000560,2026-05-05 18:02:13,Wallet,Failed,,476.31,EUR
PAY000561,ORD000561,2026-05-05 03:30:55,Card,Paid,,858.19,EUR
PAY000562,ORD000562,2026-05-24 08:37:45,Bank Transfer,Paid,,905.2,EUR
PAY000563,ORD000563,2026-05-07 08:18:08,Wallet,Pending,,813.45,EUR
PAY000564,ORD000564,2026-05-01 10:21:08,Wallet,Failed,,33.34,EUR
PAY000565,ORD000565,2026-05-18 21:01:50,Wallet,Paid,,666.37,EUR
PAY000566,ORD000566,2026-05-16 23:34:16,Card,Paid,,698.39,EUR
PAY000567,ORD000567,2026-05-22 13:07:19,Card,Paid,,360.83,EUR
PAY000568,ORD000568,2026-05-11 14:51:57,PayPal,Paid,,105.88,EUR
PAY000569,ORD000569,2026-05-13 18:42:52,Card,Paid,,226.9,EUR
PAY000570,ORD000570,2026-05-02 11:40:36,Wallet,Paid,,931.21,EUR
PAY000571,ORD000571,2026-05-12 12:47:48,Bank Transfer,Refunded,,190.37,EUR
PAY000572,ORD000572,2026-05-12 12:48:43,Bank Transfer,Paid,,1049.3,EUR
PAY000573,ORD000573,2026-05-12 19:15:13,PayPal,Refunded,,109.79,EUR
PAY000574,ORD000574,2026-05-03 02:25:03,Bank Transfer,Refunded,,201.36,EUR
PAY000575,ORD000575,2026-05-03 09:25:19,PayPal,Paid,,733.66,EUR
PAY000576,ORD000576,2026-05-01 09:26:23,Bank Transfer,Pending,,545.18,EUR
PAY000577,ORD000577,2026-05-01 07:46:40,Wallet,Failed,Card Declined,748.04,EUR
PAY000578,ORD000578,2026-05-16 09:47:38,PayPal,Paid,,270.38,EUR
PAY000579,ORD000579,2026-05-21 13:15:11,Wallet,Paid,,41.02,EUR
PAY000580,ORD000580,2026-05-23 04:13:20,Wallet,Refunded,,567.6,EUR
PAY000581,ORD000581,2026-05-08 16:42:00,Wallet,Refunded,,492.92,EUR
PAY000582,ORD000582,2026-05-15 10:00:14,Wallet,Refunded,,63.18,EUR
PAY000583,ORD000583,2026-05-01 23:16:58,Wallet,Paid,,231.36,EUR
PAY000584,ORD000584,2026-05-06 01:35:30,Card,Paid,,759.88,EUR
PAY000585,ORD000585,2026-05-02 02:46:45,Bank Transfer,Paid,,288.69,EUR
PAY000586,ORD000586,2026-05-17 14:40:16,PayPal,Paid,,122.69,EUR
PAY000587,ORD000587,2026-05-05 12:57:33,Wallet,Paid,,276.41,EUR
PAY000588,ORD000588,2026-05-15 17:24:01,Wallet,Paid,,756.29,EUR
PAY000589,ORD000589,2026-05-17 14:06:16,Wallet,Paid,,133.01,EUR
PAY000590,ORD000590,2026-05-07 18:33:04,Bank Transfer,Paid,,516.2,EUR
PAY000591,ORD000591,2026-05-23 15:08:40,Bank Transfer,Failed,Gateway Timeout,36.57,EUR
PAY000592,ORD000592,2026-05-01 09:37:55,Wallet,Failed,Card Declined,315.02,EUR
PAY000593,ORD000593,2026-05-22 15:44:38,Wallet,Failed,Gateway Timeout,718.71,EUR
PAY000594,ORD000594,2026-05-20 12:10:58,Card,Paid,,646.68,EUR
PAY000595,ORD000595,2026-05-10 21:32:51,Card,Paid,,179.43,EUR
PAY000596,ORD000596,2026-05-18 13:01:55,Bank Transfer,Paid,,593.88,EUR
PAY000597,ORD000597,2026-05-25 23:27:42,PayPal,Refunded,,448.32,EUR
PAY000598,ORD000598,2026-05-03 23:09:33,Bank Transfer,Paid,,415.65,EUR
PAY000599,ORD000599,2026-05-19 23:34:26,Wallet,Pending,,199.51,EUR
PAY000600,ORD000600,2026-05-12 21:49:33,Bank Transfer,Paid,,979.12,EUR
PAY000601,ORD000601,2026-05-17 06:08:54,Bank Transfer,Paid,,345.44,EUR
PAY000602,ORD000602,2026-05-19 09:08:57,Card,Pending,,58.2,EUR
PAY000603,ORD000603,2026-05-04 17:25:25,Card,Paid,,457.03,EUR
PAY000604,ORD000604,2026-05-19 06:04:50,Card,Failed,,253.67,EUR
PAY000605,ORD000605,2026-05-11 22:02:33,Wallet,Paid,,530.85,EUR
PAY000606,ORD000606,2026-05-01 17:33:48,PayPal,Paid,,184.72,EUR
PAY000607,ORD000607,2026-05-21 10:19:10,Bank Transfer,Pending,,607.35,EUR
PAY000608,ORD000608,2026-05-03 19:21:56,PayPal,Paid,,67.17,EUR
PAY000609,ORD000609,2026-05-05 06:33:27,PayPal,Refunded,,255.26,EUR
PAY000610,ORD000610,2026-05-13 18:45:14,Bank Transfer,Paid,,179.89,EUR
PAY000611,ORD000611,2026-05-06 00:29:13,Wallet,Paid,,509.56,EUR
PAY000612,ORD000612,2026-05-12 06:49:40,Bank Transfer,Paid,,569.09,EUR
PAY000613,ORD000613,2026-05-17 01:38:48,PayPal,Paid,,638.03,EUR
PAY000614,ORD000614,2026-05-12 08:14:01,Wallet,Paid,,403.49,EUR
PAY000615,ORD000615,2026-05-19 15:33:14,Wallet,Pending,,382.16,EUR
PAY000616,ORD000616,2026-05-06 12:42:44,Bank Transfer,Pending,,736.23,EUR
PAY000617,ORD000617,2026-05-07 11:15:21,Bank Transfer,Paid,,68.15,EUR
PAY000618,ORD000618,2026-05-23 20:33:42,Bank Transfer,Paid,,118.76,EUR
PAY000619,ORD000619,2026-05-09 11:59:11,Card,Paid,,554.4,EUR
PAY000620,ORD000620,2026-05-11 17:20:26,PayPal,Failed,,255.49,EUR
PAY000621,ORD000621,2026-05-11 01:39:50,PayPal,Paid,,727.49,EUR
PAY000622,ORD000622,2026-05-14 03:18:41,PayPal,Paid,,662.28,EUR
PAY000623,ORD000623,2026-05-17 22:57:56,Card,Paid,,898.99,EUR
PAY000624,ORD000624,2026-05-08 02:59:32,Card,Refunded,,269.92,EUR
PAY000625,ORD000625,2026-05-01 13:25:18,PayPal,Pending,,102.05,EUR
PAY000626,ORD000626,2026-05-09 23:32:14,Bank Transfer,Pending,,479.73,EUR
PAY000627,ORD000627,2026-05-08 19:14:38,Card,Failed,Card Declined,668.49,EUR
PAY000628,ORD000628,2026-05-03 21:33:21,PayPal,Pending,,739.77,EUR
PAY000629,ORD000629,2026-05-04 09:14:05,PayPal,Paid,,806.14,EUR
PAY000630,ORD000630,2026-05-13 01:38:18,Wallet,Paid,,677.99,EUR
PAY000631,ORD000631,2026-05-20 22:36:38,Bank Transfer,Paid,,96.87,EUR
PAY000632,ORD000632,2026-05-02 06:04:24,Card,Refunded,,227.92,EUR
PAY000633,ORD000633,2026-05-01 15:38:10,Wallet,Paid,,94.94,EUR
PAY000634,ORD000634,2026-05-17 12:12:57,Bank Transfer,Paid,,2097.69,EUR
PAY000635,ORD000635,2026-05-21 20:10:10,Bank Transfer,Paid,,466.04,EUR
PAY000636,ORD000636,2026-05-15 04:38:20,Wallet,Paid,,281.06,EUR
PAY000637,ORD000637,2026-05-06 19:25:01,Wallet,Refunded,,769.46,EUR
PAY000638,ORD000638,2026-05-01 17:35:33,PayPal,Paid,,532.2,EUR
PAY000639,ORD000639,2026-05-12 19:20:32,PayPal,Paid,,669.81,EUR
PAY000640,ORD000640,2026-05-03 10:22:25,Bank Transfer,Paid,,99.69,EUR
PAY000641,ORD000641,2026-05-12 22:56:31,Card,Paid,,294.01,EUR
PAY000642,ORD000642,2026-05-10 17:30:28,Card,Refunded,,524.2,EUR
PAY000643,ORD000643,2026-05-05 18:11:20,Wallet,Paid,,271.62,EUR
PAY000644,ORD000644,2026-05-06 01:45:21,Bank Transfer,Refunded,,723.81,EUR
PAY000645,ORD000645,2026-05-16 19:43:42,Wallet,Failed,,317.34,EUR
PAY000646,ORD000646,2026-05-15 03:07:22,Card,Paid,,764.27,EUR
PAY000647,ORD000647,2026-05-18 15:10:27,Wallet,Failed,,918.21,EUR
PAY000648,ORD000648,2026-05-12 15:19:49,Bank Transfer,Paid,,38.64,EUR
PAY000649,ORD000649,2026-05-13 00:34:18,Wallet,Failed,,514.76,EUR
PAY000650,ORD000650,2026-05-20 12:45:59,PayPal,Refunded,,933.22,EUR
PAY000651,ORD000651,2026-05-09 09:11:29,Bank Transfer,Paid,,159.22,EUR
PAY000652,ORD000652,2026-05-24 16:31:14,Wallet,Paid,,602.36,EUR
PAY000653,ORD000653,2026-05-14 11:54:53,Bank Transfer,Refunded,,239.75,EUR
PAY000654,ORD000654,2026-05-12 01:36:21,Bank Transfer,Refunded,,626.32,EUR
PAY000655,ORD000655,2026-05-21 00:22:33,Card,Paid,,200.0,EUR
PAY000656,ORD000656,2026-05-12 09:14:17,Wallet,Paid,,166.46,EUR
PAY000657,ORD000657,2026-05-25 00:05:17,Card,Paid,,630.67,EUR
PAY000658,ORD000658,2026-05-24 06:44:58,Card,Paid,,631.82,EUR
PAY000659,ORD000659,2026-05-21 09:27:14,PayPal,Paid,,499.59,EUR
PAY000660,ORD000660,2026-05-15 04:05:43,PayPal,Paid,,159.98,EUR
PAY000661,ORD000661,2026-05-25 23:00:47,Bank Transfer,Paid,,669.63,EUR
PAY000662,ORD000662,2026-05-25 09:54:07,Bank Transfer,Pending,,466.62,EUR
PAY000663,ORD000663,2026-05-04 18:29:16,Bank Transfer,Paid,,860.65,EUR
PAY000664,ORD000664,2026-05-19 14:17:26,Card,Failed,Gateway Timeout,298.23,EUR
PAY000665,ORD000665,2026-05-01 19:16:54,Wallet,Failed,,772.54,EUR
PAY000666,ORD000666,2026-05-16 15:26:57,Wallet,Paid,,672.73,EUR
PAY000667,ORD000667,2026-05-11 01:54:05,Card,Pending,,705.64,EUR
PAY000668,ORD000668,2026-05-21 12:31:17,Bank Transfer,Pending,,889.56,EUR
PAY000669,ORD000669,2026-05-03 06:16:08,Bank Transfer,Failed,,165.68,EUR
PAY000670,ORD000670,2026-05-11 01:15:09,Wallet,Refunded,,666.39,EUR
PAY000671,ORD000671,2026-05-24 19:12:10,PayPal,Pending,,674.79,EUR
PAY000672,ORD000672,2026-05-04 00:55:40,Card,Paid,,377.65,EUR
PAY000673,ORD000673,2026-05-17 01:10:52,Card,Paid,,772.29,EUR
PAY000674,ORD000674,2026-05-03 15:24:59,Bank Transfer,Pending,,211.95,EUR
PAY000675,ORD000675,2026-05-08 21:59:42,Bank Transfer,Paid,,1241.39,EUR
PAY000676,ORD000676,2026-05-23 21:43:09,Card,Failed,Card Declined,1677.82,EUR
PAY000677,ORD000677,2026-05-17 21:35:39,Wallet,Refunded,,754.87,EUR
PAY000678,ORD000678,2026-05-13 09:43:44,PayPal,Refunded,,1383.11,EUR
PAY000679,ORD000679,2026-05-25 23:40:18,Bank Transfer,Pending,,150.5,EUR
PAY000680,ORD000680,2026-05-02 21:37:54,Bank Transfer,Pending,,403.41,EUR
PAY000681,ORD000681,2026-05-22 14:12:41,PayPal,Pending,,811.86,EUR
PAY000682,ORD000682,2026-05-14 15:09:27,Bank Transfer,Paid,,500.9,EUR
PAY000683,ORD000683,2026-05-03 04:23:45,Bank Transfer,Pending,,92.48,EUR
PAY000684,ORD000684,2026-05-23 12:03:47,Bank Transfer,Paid,,219.16,EUR
PAY000685,ORD000685,2026-05-23 18:17:06,PayPal,Paid,,532.83,EUR
PAY000686,ORD000686,2026-05-16 22:23:31,Bank Transfer,Paid,,135.34,EUR
PAY000687,ORD000687,2026-05-02 21:13:15,Wallet,Paid,,454.74,EUR
PAY000688,ORD000688,2026-05-16 12:28:55,PayPal,Pending,,796.72,EUR
PAY000689,ORD000689,2026-05-06 16:59:01,Wallet,Failed,,904.57,EUR
PAY000690,ORD000690,2026-05-13 18:19:31,Card,Failed,,489.04,EUR
PAY000691,ORD000691,2026-05-23 03:46:00,PayPal,Paid,,514.98,EUR
PAY000692,ORD000692,2026-05-25 17:13:45,PayPal,Paid,,95.85,EUR
PAY000693,ORD000693,2026-05-24 02:54:33,Card,Paid,,286.71,EUR
PAY000694,ORD000694,2026-05-03 11:40:01,Bank Transfer,Failed,,1266.17,EUR
PAY000695,ORD000695,2026-05-23 19:02:17,Bank Transfer,Failed,Gateway Timeout,603.9,EUR
PAY000696,ORD000696,2026-05-08 06:56:25,PayPal,Paid,,811.33,EUR
PAY000697,ORD000697,2026-05-11 00:08:57,Bank Transfer,Paid,,1082.89,EUR
PAY000698,ORD000698,2026-05-22 11:18:17,Bank Transfer,Failed,,958.93,EUR
PAY000699,ORD000699,2026-05-02 08:43:43,Bank Transfer,Failed,,505.99,EUR
PAY000700,ORD000700,2026-05-19 20:51:48,Card,Failed,3DS Failed,100.96,EUR
PAY000701,ORD000701,2026-05-14 00:54:55,Card,Paid,,658.65,EUR
PAY000702,ORD000702,2026-05-15 09:04:01,Wallet,Refunded,,71.3,EUR
PAY000703,ORD000703,2026-05-13 09:31:36,PayPal,Refunded,,126.72,EUR
PAY000704,ORD000704,2026-05-13 00:46:16,PayPal,Refunded,,481.0,EUR
PAY000705,ORD000705,2026-05-09 20:11:53,Bank Transfer,Refunded,,591.43,EUR
PAY000706,ORD000706,2026-05-06 15:03:42,Card,Paid,,371.47,EUR
PAY000707,ORD000707,2026-05-16 04:49:31,Card,Paid,,398.76,EUR
PAY000708,ORD000708,2026-05-19 06:16:04,Bank Transfer,Paid,,454.45,EUR
PAY000709,ORD000709,2026-05-19 01:17:04,PayPal,Pending,,1171.05,EUR
PAY000710,ORD000710,2026-05-01 12:55:09,PayPal,Paid,,449.99,EUR
PAY000711,ORD000711,2026-05-08 19:43:05,PayPal,Paid,,69.92,EUR
PAY000712,ORD000712,2026-05-08 03:24:58,Bank Transfer,Failed,3DS Failed,521.1,EUR
PAY000713,ORD000713,2026-05-01 23:54:02,PayPal,Pending,,149.11,EUR
PAY000714,ORD000714,2026-05-14 18:48:15,PayPal,Paid,,40.28,EUR
PAY000715,ORD000715,2026-05-03 01:45:04,Card,Pending,,348.26,EUR
PAY000716,ORD000716,2026-05-17 11:42:39,PayPal,Refunded,,758.28,EUR
PAY000717,ORD000717,2026-05-16 05:50:30,PayPal,Refunded,,235.69,EUR
PAY000718,ORD000718,2026-05-12 00:20:58,PayPal,Paid,,409.9,EUR
PAY000719,ORD000719,2026-05-16 10:25:55,Wallet,Failed,3DS Failed,707.69,EUR
PAY000720,ORD000720,2026-05-23 21:28:00,Card,Paid,,164.52,EUR
PAY000721,ORD000721,2026-05-02 12:24:39,PayPal,Failed,Gateway Timeout,203.12,EUR
PAY000722,ORD000722,2026-05-08 08:44:06,Card,Paid,,78.03,EUR
PAY000723,ORD000723,2026-05-16 16:46:50,Bank Transfer,Pending,,142.38,EUR
PAY000724,ORD000724,2026-05-17 03:28:49,Card,Paid,,590.78,EUR
PAY000725,ORD000725,2026-05-17 01:47:08,Bank Transfer,Paid,,422.56,EUR
PAY000726,ORD000726,2026-05-01 06:18:06,Bank Transfer,Paid,,423.51,EUR
PAY000727,ORD000727,2026-05-06 07:36:33,PayPal,Failed,Card Declined,461.88,EUR
PAY000728,ORD000728,2026-05-21 00:09:01,Card,Failed,,599.33,EUR
PAY000729,ORD000729,2026-05-06 20:31:00,Bank Transfer,Paid,,646.25,EUR
PAY000730,ORD000730,2026-05-12 08:51:06,Card,Paid,,54.24,EUR
PAY000731,ORD000731,2026-05-09 01:01:31,Card,Pending,,661.04,EUR
PAY000732,ORD000732,2026-05-22 21:48:11,Wallet,Paid,,192.89,EUR
PAY000733,ORD000733,2026-05-07 18:24:08,PayPal,Paid,,117.8,EUR
PAY000734,ORD000734,2026-05-02 23:56:03,Wallet,Failed,3DS Failed,1063.68,EUR
PAY000735,ORD000735,2026-05-24 16:24:53,Card,Pending,,223.13,EUR
PAY000736,ORD000736,2026-05-03 06:55:19,Card,Paid,,6.96,EUR
PAY000737,ORD000737,2026-05-03 17:16:03,PayPal,Paid,,277.2,EUR
PAY000738,ORD000738,2026-05-05 21:03:31,Wallet,Pending,,1657.92,EUR
PAY000739,ORD000739,2026-05-07 09:49:27,Bank Transfer,Failed,Card Declined,191.6,EUR
PAY000740,ORD000740,2026-05-12 22:18:50,PayPal,Paid,,795.93,EUR
PAY000741,ORD000741,2026-05-03 03:32:05,Card,Paid,,208.66,EUR
PAY000742,ORD000742,2026-05-05 05:24:17,PayPal,Refunded,,176.95,EUR
PAY000743,ORD000743,2026-05-10 08:39:24,PayPal,Paid,,395.67,EUR
PAY000744,ORD000744,2026-05-04 15:50:39,Bank Transfer,Failed,Gateway Timeout,187.82,EUR
PAY000745,ORD000745,2026-05-01 17:41:30,Wallet,Paid,,123.39,EUR
PAY000746,ORD000746,2026-05-22 20:53:18,Bank Transfer,Refunded,,566.97,EUR
PAY000747,ORD000747,2026-05-03 20:52:04,PayPal,Pending,,886.29,EUR
PAY000748,ORD000748,2026-05-03 22:22:07,Card,Paid,,291.02,EUR
PAY000749,ORD000749,2026-05-13 13:35:28,Bank Transfer,Refunded,,681.53,EUR
PAY000750,ORD000750,2026-05-04 12:39:37,Bank Transfer,Refunded,,830.92,EUR
PAY000751,ORD000751,2026-05-08 03:07:43,Wallet,Refunded,,553.98,EUR
PAY000752,ORD000752,2026-05-14 02:45:32,Card,Pending,,215.24,EUR
PAY000753,ORD000753,2026-05-09 03:56:07,Wallet,Refunded,,242.88,EUR
PAY000754,ORD000754,2026-05-22 19:28:33,PayPal,Paid,,827.21,EUR
PAY000755,ORD000755,2026-05-22 15:31:22,PayPal,Paid,,1335.02,EUR
PAY000756,ORD000756,2026-05-12 08:51:10,Card,Paid,,891.84,EUR
PAY000757,ORD000757,2026-05-13 12:19:04,Wallet,Paid,,1326.29,EUR
PAY000758,ORD000758,2026-05-17 01:46:51,PayPal,Refunded,,630.81,EUR
PAY000759,ORD000759,2026-05-20 02:13:50,Wallet,Refunded,,27.52,EUR
PAY000760,ORD000760,2026-05-10 01:17:43,PayPal,Refunded,,1271.76,EUR
PAY000761,ORD000761,2026-05-23 10:12:42,Card,Paid,,926.26,EUR
PAY000762,ORD000762,2026-05-03 14:07:38,Wallet,Pending,,395.41,EUR
PAY000763,ORD000763,2026-05-12 22:17:23,Wallet,Pending,,87.06,EUR
PAY000764,ORD000764,2026-05-02 04:42:59,PayPal,Paid,,705.64,EUR
PAY000765,ORD000765,2026-05-22 08:17:47,Card,Paid,,1210.51,EUR
PAY000766,ORD000766,2026-05-24 14:28:12,Bank Transfer,Pending,,700.73,EUR
PAY000767,ORD000767,2026-05-24 19:24:45,Bank Transfer,Paid,,409.94,EUR
PAY000768,ORD000768,2026-05-15 08:22:46,Bank Transfer,Pending,,302.39,EUR
PAY000769,ORD000769,2026-05-16 20:42:35,PayPal,Pending,,313.15,EUR
PAY000770,ORD000770,2026-05-06 00:48:52,PayPal,Paid,,405.88,EUR
PAY000771,ORD000771,2026-05-08 02:17:37,Card,Refunded,,865.02,EUR
PAY000772,ORD000772,2026-05-12 06:49:29,Wallet,Pending,,254.39,EUR
PAY000773,ORD000773,2026-05-23 02:42:26,Wallet,Paid,,327.45,EUR
PAY000774,ORD000774,2026-05-18 23:55:18,PayPal,Pending,,639.29,EUR
PAY000775,ORD000775,2026-05-02 14:19:25,PayPal,Paid,,58.83,EUR
PAY000776,ORD000776,2026-05-11 12:19:13,Bank Transfer,Paid,,268.8,EUR
PAY000777,ORD000777,2026-05-23 16:29:42,Wallet,Paid,,257.18,EUR
PAY000778,ORD000778,2026-05-17 06:50:03,Bank Transfer,Paid,,169.75,EUR
PAY000779,ORD000779,2026-05-07 04:10:48,Card,Refunded,,1287.01,EUR
PAY000780,ORD000780,2026-05-10 03:37:46,Wallet,Paid,,643.01,EUR
PAY000781,ORD000781,2026-05-20 23:13:31,Bank Transfer,Paid,,922.33,EUR
PAY000782,ORD000782,2026-05-04 02:26:27,Wallet,Paid,,1333.88,EUR
PAY000783,ORD000783,2026-05-18 08:44:35,Bank Transfer,Pending,,113.45,EUR
PAY000784,ORD000784,2026-05-10 17:13:31,PayPal,Paid,,443.74,EUR
PAY000785,ORD000785,2026-05-03 09:07:19,Card,Refunded,,615.74,EUR
PAY000786,ORD000786,2026-05-09 16:36:25,Wallet,Paid,,327.83,EUR
PAY000787,ORD000787,2026-05-11 08:58:37,PayPal,Paid,,216.57,EUR
PAY000788,ORD000788,2026-05-10 14:51:33,Bank Transfer,Paid,,811.43,EUR
PAY000789,ORD000789,2026-05-04 06:58:09,Wallet,Refunded,,188.21,EUR
PAY000790,ORD000790,2026-05-08 19:25:42,Bank Transfer,Pending,,569.16,EUR
PAY000791,ORD000791,2026-05-24 21:32:19,Bank Transfer,Refunded,,318.39,EUR
PAY000792,ORD000792,2026-05-13 00:30:12,PayPal,Paid,,591.57,EUR
PAY000793,ORD000793,2026-05-16 14:35:50,Wallet,Refunded,,680.36,EUR
PAY000794,ORD000794,2026-05-08 13:13:48,Wallet,Failed,Gateway Timeout,742.0,EUR
PAY000795,ORD000795,2026-05-17 12:49:35,Card,Refunded,,566.62,EUR
PAY000796,ORD000796,2026-05-22 10:07:43,Wallet,Pending,,354.39,EUR
PAY000797,ORD000797,2026-05-06 18:33:42,PayPal,Paid,,377.65,EUR
PAY000798,ORD000798,2026-05-05 23:46:23,Card,Paid,,133.01,EUR
PAY000799,ORD000799,2026-05-13 11:49:58,Wallet,Failed,3DS Failed,679.8,EUR
PAY000800,ORD000800,2026-05-15 16:15:29,PayPal,Paid,,292.33,EUR
PAY000801,ORD000801,2026-05-11 14:32:00,Bank Transfer,Paid,,582.26,EUR
PAY000802,ORD000802,2026-05-06 00:22:25,Bank Transfer,Paid,,209.82,EUR
PAY000803,ORD000803,2026-05-16 16:29:36,Card,Paid,,964.16,EUR
PAY000804,ORD000804,2026-05-10 14:22:51,PayPal,Refunded,,443.28,EUR
PAY000805,ORD000805,2026-05-15 00:44:28,Card,Paid,,546.28,EUR
PAY000806,ORD000806,2026-05-08 03:08:59,Wallet,Failed,3DS Failed,131.6,EUR
PAY000807,ORD000807,2026-05-12 14:13:44,Bank Transfer,Pending,,687.92,EUR
PAY000808,ORD000808,2026-05-17 13:46:08,Card,Paid,,445.59,EUR
PAY000809,ORD000809,2026-05-20 08:59:57,Wallet,Paid,,350.75,EUR
PAY000810,ORD000810,2026-05-03 00:14:01,Card,Failed,,938.79,EUR
PAY000811,ORD000811,2026-05-09 09:12:03,Bank Transfer,Pending,,156.98,EUR
PAY000812,ORD000812,2026-05-20 03:31:53,PayPal,Paid,,698.99,EUR
PAY000813,ORD000813,2026-05-22 01:05:37,PayPal,Paid,,558.75,EUR
PAY000814,ORD000814,2026-05-19 07:50:46,Wallet,Pending,,357.92,EUR
PAY000815,ORD000815,2026-05-21 23:38:33,PayPal,Refunded,,1011.43,EUR
PAY000816,ORD000816,2026-05-14 00:28:52,PayPal,Paid,,52.77,EUR
PAY000817,ORD000817,2026-05-11 11:41:26,PayPal,Paid,,448.15,EUR
PAY000818,ORD000818,2026-05-22 09:56:21,Wallet,Paid,,534.38,EUR
PAY000819,ORD000819,2026-05-10 23:29:49,Wallet,Paid,,1104.95,EUR
PAY000820,ORD000820,2026-05-09 13:05:53,Bank Transfer,Paid,,712.26,EUR
PAY000821,ORD000821,2026-05-18 12:30:55,Bank Transfer,Pending,,285.76,EUR
PAY000822,ORD000822,2026-05-08 02:42:59,Card,Pending,,1007.85,EUR
PAY000823,ORD000823,2026-05-25 12:57:29,Bank Transfer,Refunded,,644.36,EUR
PAY000824,ORD000824,2026-05-03 20:04:00,Card,Paid,,527.7,EUR
PAY000825,ORD000825,2026-05-15 03:40:05,Card,Paid,,1090.55,EUR
PAY000826,ORD000826,2026-05-07 21:03:06,Bank Transfer,Paid,,540.84,EUR
PAY000827,ORD000827,2026-05-22 00:50:25,PayPal,Failed,,460.62,EUR
PAY000828,ORD000828,2026-05-01 02:22:43,Bank Transfer,Pending,,290.08,EUR
PAY000829,ORD000829,2026-05-01 12:58:44,PayPal,Refunded,,480.03,EUR
PAY000830,ORD000830,2026-05-11 21:05:24,Wallet,Pending,,50.15,EUR
PAY000831,ORD000831,2026-05-11 10:45:23,Bank Transfer,Failed,Card Declined,724.17,EUR
PAY000832,ORD000832,2026-05-05 18:28:42,Wallet,Pending,,245.32,EUR
PAY000833,ORD000833,2026-05-14 05:42:44,Wallet,Pending,,817.36,EUR
PAY000834,ORD000834,2026-05-09 01:16:15,PayPal,Failed,,535.44,EUR
PAY000835,ORD000835,2026-05-19 03:43:59,PayPal,Paid,,613.33,EUR
PAY000836,ORD000836,2026-05-19 01:02:21,Bank Transfer,Pending,,27.52,EUR
PAY000837,ORD000837,2026-05-05 20:13:35,Card,Paid,,803.41,EUR
PAY000838,ORD000838,2026-05-01 19:34:56,PayPal,Failed,,369.55,EUR
PAY000839,ORD000839,2026-05-01 09:47:43,Bank Transfer,Paid,,422.62,EUR
PAY000840,ORD000840,2026-05-13 08:59:28,PayPal,Paid,,495.86,EUR
PAY000841,ORD000841,2026-05-14 07:28:13,Wallet,Pending,,1351.12,EUR
PAY000842,ORD000842,2026-05-07 20:50:57,Bank Transfer,Paid,,689.04,EUR
PAY000843,ORD000843,2026-05-25 22:13:56,Bank Transfer,Pending,,523.34,EUR
PAY000844,ORD000844,2026-05-20 01:57:58,Wallet,Refunded,,162.56,EUR
PAY000845,ORD000845,2026-05-05 22:32:13,Bank Transfer,Paid,,680.5,EUR
PAY000846,ORD000846,2026-05-23 06:43:48,PayPal,Refunded,,180.39,EUR
PAY000847,ORD000847,2026-05-07 12:17:54,Wallet,Pending,,382.38,EUR
PAY000848,ORD000848,2026-05-24 12:45:30,Card,Paid,,747.57,EUR
PAY000849,ORD000849,2026-05-24 20:58:20,Wallet,Refunded,,316.34,EUR
PAY000850,ORD000850,2026-05-13 19:19:31,PayPal,Refunded,,207.0,EUR
PAY000851,ORD000851,2026-05-19 14:45:33,Wallet,Paid,,178.65,EUR
PAY000852,ORD000852,2026-05-18 04:50:36,Card,Failed,,331.87,EUR
PAY000853,ORD000853,2026-05-15 19:04:04,Card,Refunded,,342.82,EUR
PAY000854,ORD000854,2026-05-06 23:30:45,Card,Refunded,,354.96,EUR
PAY000855,ORD000855,2026-05-16 22:48:06,PayPal,Paid,,233.38,EUR
PAY000856,ORD000856,2026-05-13 19:27:17,Card,Paid,,218.74,EUR
PAY000857,ORD000857,2026-05-13 11:10:37,Bank Transfer,Paid,,414.38,EUR
PAY000858,ORD000858,2026-05-15 06:13:46,Bank Transfer,Paid,,139.97,EUR
PAY000859,ORD000859,2026-05-22 05:44:35,Bank Transfer,Paid,,1163.06,EUR
PAY000860,ORD000860,2026-05-14 19:48:32,PayPal,Paid,,594.2,EUR
PAY000861,ORD000861,2026-05-04 16:08:11,PayPal,Paid,,736.89,EUR
PAY000862,ORD000862,2026-05-20 08:39:34,PayPal,Pending,,415.63,EUR
PAY000863,ORD000863,2026-05-15 18:39:45,Card,Paid,,156.36,EUR
PAY000864,ORD000864,2026-05-12 08:20:04,Card,Paid,,755.96,EUR
PAY000865,ORD000865,2026-05-01 21:57:32,Bank Transfer,Failed,,124.21,EUR
PAY000866,ORD000866,2026-05-09 01:38:17,Wallet,Failed,,662.9,EUR
PAY000867,ORD000867,2026-05-23 00:42:10,PayPal,Refunded,,748.08,EUR
PAY000868,ORD000868,2026-05-06 23:52:37,Card,Pending,,927.62,EUR
PAY000869,ORD000869,2026-05-20 08:39:48,PayPal,Failed,Card Declined,1470.33,EUR
PAY000870,ORD000870,2026-05-10 01:21:36,Wallet,Pending,,431.94,EUR
PAY000871,ORD000871,2026-05-14 23:38:15,PayPal,Failed,Card Declined,298.97,EUR
PAY000872,ORD000872,2026-05-06 11:26:25,Wallet,Failed,,681.91,EUR
PAY000873,ORD000873,2026-05-25 18:14:41,PayPal,Pending,,460.38,EUR
PAY000874,ORD000874,2026-05-10 15:02:10,Card,Paid,,341.07,EUR
PAY000875,ORD000875,2026-05-25 17:23:24,PayPal,Failed,,302.94,EUR
PAY000876,ORD000876,2026-05-09 02:30:21,Card,Refunded,,1177.5,EUR
PAY000877,ORD000877,2026-05-03 20:47:30,Bank Transfer,Refunded,,501.78,EUR
PAY000878,ORD000878,2026-05-09 04:02:02,Bank Transfer,Paid,,452.72,EUR
PAY000879,ORD000879,2026-05-04 00:13:33,PayPal,Failed,Gateway Timeout,53.63,EUR
PAY000880,ORD000880,2026-05-15 11:35:48,Card,Refunded,,1096.15,EUR
PAY000881,ORD000881,2026-05-17 23:54:19,Wallet,Pending,,475.01,EUR
PAY000882,ORD000882,2026-05-17 22:36:43,Wallet,Paid,,970.72,EUR
PAY000883,ORD000883,2026-05-20 14:22:23,Bank Transfer,Paid,,584.39,EUR
PAY000884,ORD000884,2026-05-16 16:20:48,Card,Refunded,,448.34,EUR
PAY000885,ORD000885,2026-05-25 09:13:34,PayPal,Paid,,346.81,EUR
PAY000886,ORD000886,2026-05-20 09:52:09,Wallet,Paid,,215.27,EUR
PAY000887,ORD000887,2026-05-25 18:44:00,Card,Pending,,51.56,EUR
PAY000888,ORD000888,2026-05-22 07:54:47,PayPal,Pending,,417.52,EUR
PAY000889,ORD000889,2026-05-13 12:48:44,Wallet,Paid,,311.09,EUR
PAY000890,ORD000890,2026-05-18 12:59:02,Wallet,Paid,,1008.87,EUR
PAY000891,ORD000891,2026-05-22 08:29:39,Wallet,Paid,,688.44,EUR
PAY000892,ORD000892,2026-05-23 03:45:46,Bank Transfer,Paid,,447.93,EUR
PAY000893,ORD000893,2026-05-14 07:26:29,Wallet,Pending,,232.17,EUR
PAY000894,ORD000894,2026-05-17 14:09:37,Wallet,Failed,,623.2,EUR
PAY000895,ORD000895,2026-05-22 14:28:49,PayPal,Paid,,127.27,EUR
PAY000896,ORD000896,2026-05-23 02:00:23,Bank Transfer,Paid,,608.54,EUR
PAY000897,ORD000897,2026-05-22 02:30:01,Card,Paid,,1142.23,EUR
PAY000898,ORD000898,2026-05-16 16:21:20,Card,Failed,Card Declined,313.55,EUR
PAY000899,ORD000899,2026-05-22 01:52:10,Bank Transfer,Pending,,258.31,EUR
PAY000900,ORD000900,2026-05-05 16:31:01,PayPal,Paid,,376.92,EUR
PAY000901,ORD000901,2026-05-04 17:56:58,Card,Paid,,871.37,EUR
PAY000902,ORD000902,2026-05-17 22:29:23,Bank Transfer,Paid,,355.79,EUR
PAY000903,ORD000903,2026-05-10 21:17:32,Wallet,Paid,,823.65,EUR
PAY000904,ORD000904,2026-05-25 06:35:31,Wallet,Paid,,287.31,EUR
PAY000905,ORD000905,2026-05-05 09:08:30,Wallet,Refunded,,557.59,EUR
PAY000906,ORD000906,2026-05-20 13:45:17,Wallet,Failed,,350.51,EUR
PAY000907,ORD000907,2026-05-16 11:45:57,Card,Refunded,,242.86,EUR
PAY000908,ORD000908,2026-05-04 10:58:48,Bank Transfer,Pending,,522.66,EUR
PAY000909,ORD000909,2026-05-04 12:03:40,PayPal,Paid,,756.22,EUR
PAY000910,ORD000910,2026-05-05 15:25:03,Card,Refunded,,571.86,EUR
PAY000911,ORD000911,2026-05-01 23:52:16,Bank Transfer,Paid,,181.54,EUR
PAY000912,ORD000912,2026-05-18 08:28:47,Bank Transfer,Pending,,258.74,EUR
PAY000913,ORD000913,2026-05-07 19:16:05,PayPal,Paid,,807.37,EUR
PAY000914,ORD000914,2026-05-08 14:36:56,Bank Transfer,Paid,,1077.97,EUR
PAY000915,ORD000915,2026-05-08 22:23:59,PayPal,Paid,,163.47,EUR
PAY000916,ORD000916,2026-05-10 01:40:46,Wallet,Paid,,154.58,EUR
PAY000917,ORD000917,2026-05-06 14:17:09,Bank Transfer,Failed,,52.96,EUR
PAY000918,ORD000918,2026-05-06 18:41:07,Wallet,Failed,,1006.4,EUR
PAY000919,ORD000919,2026-05-14 16:23:21,Wallet,Paid,,747.32,EUR
PAY000920,ORD000920,2026-05-17 05:38:53,Wallet,Refunded,,426.2,EUR
PAY000921,ORD000921,2026-05-02 04:39:50,PayPal,Paid,,109.82,EUR
PAY000922,ORD000922,2026-05-02 10:49:31,Bank Transfer,Refunded,,413.78,EUR
PAY000923,ORD000923,2026-05-08 04:05:12,Bank Transfer,Paid,,1076.5,EUR
PAY000924,ORD000924,2026-05-20 14:30:54,Wallet,Paid,,816.07,EUR
PAY000925,ORD000925,2026-05-24 13:25:41,Bank Transfer,Failed,Card Declined,249.79,EUR
PAY000926,ORD000926,2026-05-19 22:36:20,Bank Transfer,Paid,,469.45,EUR
PAY000927,ORD000927,2026-05-05 03:06:54,Bank Transfer,Paid,,447.7,EUR
PAY000928,ORD000928,2026-05-04 11:41:45,Wallet,Failed,Gateway Timeout,37.27,EUR
PAY000929,ORD000929,2026-05-07 22:06:10,PayPal,Pending,,244.84,EUR
PAY000930,ORD000930,2026-05-15 19:00:38,Card,Refunded,,524.01,EUR
PAY000931,ORD000931,2026-05-13 22:18:38,Card,Paid,,813.62,EUR
PAY000932,ORD000932,2026-05-05 11:28:22,Wallet,Paid,,104.04,EUR
PAY000933,ORD000933,2026-05-12 09:44:40,Bank Transfer,Pending,,235.62,EUR
PAY000934,ORD000934,2026-05-09 16:43:58,Wallet,Pending,,954.31,EUR
PAY000935,ORD000935,2026-05-09 12:55:15,Bank Transfer,Failed,,283.31,EUR
PAY000936,ORD000936,2026-05-21 15:11:47,Wallet,Refunded,,194.74,EUR
PAY000937,ORD000937,2026-05-18 00:28:22,Wallet,Failed,,595.82,EUR
PAY000938,ORD000938,2026-05-03 01:21:59,Card,Failed,,656.21,EUR
PAY000939,ORD000939,2026-05-17 11:49:55,PayPal,Paid,,1009.82,EUR
PAY000940,ORD000940,2026-05-15 12:42:15,Card,Failed,,161.33,EUR
PAY000941,ORD000941,2026-05-10 03:37:04,Card,Failed,3DS Failed,86.55,EUR
PAY000942,ORD000942,2026-05-17 21:24:07,PayPal,Paid,,803.6,EUR
PAY000943,ORD000943,2026-05-12 09:39:10,Bank Transfer,Paid,,105.54,EUR
PAY000944,ORD000944,2026-05-25 17:29:45,Card,Paid,,157.22,EUR
PAY000945,ORD000945,2026-05-22 20:33:59,Bank Transfer,Failed,,286.11,EUR
PAY000946,ORD000946,2026-05-06 04:13:52,PayPal,Pending,,405.49,EUR
PAY000947,ORD000947,2026-05-24 07:47:52,Wallet,Pending,,502.74,EUR
PAY000948,ORD000948,2026-05-21 05:54:57,PayPal,Refunded,,829.88,EUR
PAY000949,ORD000949,2026-05-20 18:19:33,PayPal,Paid,,379.08,EUR
PAY000950,ORD000950,2026-05-04 16:58:28,PayPal,Pending,,1380.04,EUR
PAY000951,ORD000951,2026-05-01 10:25:56,PayPal,Failed,,1060.27,EUR
PAY000952,ORD000952,2026-05-23 14:43:47,Card,Refunded,,97.69,EUR
PAY000953,ORD000953,2026-05-20 02:28:01,Bank Transfer,Failed,3DS Failed,162.19,EUR
PAY000954,ORD000954,2026-05-20 05:11:49,Wallet,Paid,,205.11,EUR
PAY000955,ORD000955,2026-05-21 08:22:23,Wallet,Failed,,543.24,EUR
PAY000956,ORD000956,2026-05-21 09:48:07,Card,Pending,,93.45,EUR
PAY000957,ORD000957,2026-05-03 12:55:25,Card,Refunded,,120.0,EUR
PAY000958,ORD000958,2026-05-16 16:41:00,Card,Paid,,140.7,EUR
PAY000959,ORD000959,2026-05-06 08:00:03,Bank Transfer,Paid,,818.86,EUR
PAY000960,ORD000960,2026-05-24 13:08:22,PayPal,Failed,Card Declined,649.66,EUR
PAY000961,ORD000961,2026-05-13 06:05:37,Bank Transfer,Paid,,453.25,EUR
PAY000962,ORD000962,2026-05-17 07:02:15,Wallet,Pending,,835.9,EUR
PAY000963,ORD000963,2026-05-18 04:27:03,PayPal,Paid,,1191.47,EUR
PAY000964,ORD000964,2026-05-03 07:52:07,Bank Transfer,Failed,Card Declined,368.26,EUR
PAY000965,ORD000965,2026-05-03 15:35:33,Bank Transfer,Pending,,43.83,EUR
PAY000966,ORD000966,2026-05-07 10:08:09,Wallet,Paid,,610.74,EUR
PAY000967,ORD000967,2026-05-21 15:13:39,PayPal,Pending,,152.09,EUR
PAY000968,ORD000968,2026-05-12 01:58:01,Card,Paid,,738.88,EUR
PAY000969,ORD000969,2026-05-19 09:27:00,Wallet,Pending,,817.43,EUR
PAY000970,ORD000970,2026-05-07 02:32:32,PayPal,Paid,,60.0,EUR
PAY000971,ORD000971,2026-05-10 01:42:01,Bank Transfer,Pending,,600.39,EUR
PAY000972,ORD000972,2026-05-25 09:59:02,Wallet,Paid,,506.11,EUR
PAY000973,ORD000973,2026-05-07 04:58:39,PayPal,Failed,,437.1,EUR
PAY000974,ORD000974,2026-05-15 23:11:17,Bank Transfer,Pending,,724.31,EUR
PAY000975,ORD000975,2026-05-19 14:52:23,PayPal,Refunded,,544.64,EUR
PAY000976,ORD000976,2026-05-01 07:02:02,Wallet,Paid,,1034.98,EUR
PAY000977,ORD000977,2026-05-19 01:45:39,Card,Pending,,388.52,EUR
PAY000978,ORD000978,2026-05-25 20:18:22,Wallet,Paid,,1053.53,EUR
PAY000979,ORD000979,2026-05-02 08:55:55,Card,Paid,,330.53,EUR
PAY000980,ORD000980,2026-05-09 02:59:42,Bank Transfer,Pending,,545.57,EUR
PAY000981,ORD000981,2026-05-03 20:48:12,Card,Failed,3DS Failed,316.49,EUR
PAY000982,ORD000982,2026-05-02 18:27:16,Card,Failed,,1048.85,EUR
PAY000983,ORD000983,2026-05-21 20:46:30,Bank Transfer,Paid,,722.53,EUR
PAY000984,ORD000984,2026-05-03 11:18:29,Bank Transfer,Paid,,1022.62,EUR
PAY000985,ORD000985,2026-05-13 13:39:09,PayPal,Paid,,1086.16,EUR
PAY000986,ORD000986,2026-05-24 01:37:30,Card,Refunded,,838.66,EUR
PAY000987,ORD000987,2026-05-09 00:58:55,Card,Paid,,214.09,EUR
PAY000988,ORD000988,2026-05-22 16:39:40,Wallet,Paid,,126.48,EUR
PAY000989,ORD000989,2026-05-12 03:50:37,PayPal,Paid,,647.71,EUR
PAY000990,ORD000990,2026-05-04 19:50:11,Bank Transfer,Failed,Card Declined,202.02,EUR
PAY000991,ORD000991,2026-05-07 09:55:36,Bank Transfer,Paid,,396.18,EUR
PAY000992,ORD000992,2026-05-05 03:55:33,PayPal,Paid,,1225.26,EUR
PAY000993,ORD000993,2026-05-09 20:34:12,Card,Pending,,90.68,EUR
PAY000994,ORD000994,2026-05-12 10:13:00,Bank Transfer,Failed,Gateway Timeout,656.35,EUR
PAY000995,ORD000995,2026-05-12 15:22:01,Bank Transfer,Refunded,,971.64,EUR
PAY000996,ORD000996,2026-05-24 21:15:37,PayPal,Paid,,316.18,EUR
PAY000997,ORD000997,2026-05-03 22:13:43,Card,Refunded,,57.8,EUR
PAY000998,ORD000998,2026-05-11 11:52:04,Card,Refunded,,330.54,EUR
PAY000999,ORD000999,2026-05-13 15:09:02,PayPal,Paid,,798.44,EUR
PAY001000,ORD001000,2026-05-05 20:42:29,Bank Transfer,Pending,,756.96,EUR
PAY001001,ORD001001,2026-05-10 03:46:55,Card,Paid,,751.69,EUR
PAY001002,ORD001002,2026-05-15 10:34:56,Card,Paid,,719.93,EUR
PAY001003,ORD001003,2026-05-11 00:41:22,Bank Transfer,Paid,,314.02,EUR
PAY001004,ORD001004,2026-05-19 04:31:14,Wallet,Paid,,1069.08,EUR
PAY001005,ORD001005,2026-05-10 20:29:31,Bank Transfer,Refunded,,755.76,EUR
PAY001006,ORD001006,2026-05-24 06:58:40,Card,Pending,,796.64,EUR
PAY001007,ORD001007,2026-05-23 11:51:04,Bank Transfer,Paid,,776.47,EUR
PAY001008,ORD001008,2026-05-21 01:44:29,Bank Transfer,Paid,,358.22,EUR
PAY001009,ORD001009,2026-05-12 22:57:27,Wallet,Paid,,403.93,EUR
PAY001010,ORD001010,2026-05-23 05:13:58,Bank Transfer,Paid,,695.09,EUR
PAY001011,ORD001011,2026-05-10 02:11:48,Bank Transfer,Failed,Gateway Timeout,451.08,EUR
PAY001012,ORD001012,2026-05-03 08:44:25,Card,Failed,Gateway Timeout,306.78,EUR
PAY001013,ORD001013,2026-05-08 20:15:14,PayPal,Paid,,1125.76,EUR
PAY001014,ORD001014,2026-05-01 21:33:17,Card,Paid,,742.29,EUR
PAY001015,ORD001015,2026-05-03 05:09:14,PayPal,Paid,,595.26,EUR
PAY001016,ORD001016,2026-05-22 05:10:10,Wallet,Paid,,769.7,EUR
PAY001017,ORD001017,2026-05-20 15:07:23,Card,Refunded,,1166.78,EUR
PAY001018,ORD001018,2026-05-10 22:37:55,Wallet,Pending,,87.86,EUR
PAY001019,ORD001019,2026-05-09 12:42:04,Bank Transfer,Refunded,,1264.73,EUR
PAY001020,ORD001020,2026-05-16 11:00:22,Card,Paid,,586.81,EUR
PAY001021,ORD001021,2026-05-11 05:44:51,PayPal,Paid,,623.35,EUR
PAY001022,ORD001022,2026-05-01 00:18:26,Wallet,Paid,,239.9,EUR
PAY001023,ORD001023,2026-05-02 18:55:31,Wallet,Paid,,222.4,EUR
PAY001024,ORD001024,2026-05-14 22:03:45,Bank Transfer,Pending,,531.27,EUR
PAY001025,ORD001025,2026-05-14 08:06:51,Bank Transfer,Paid,,709.12,EUR
PAY001026,ORD001026,2026-05-13 15:05:55,Bank Transfer,Paid,,883.81,EUR
PAY001027,ORD001027,2026-05-06 16:41:01,Wallet,Paid,,483.99,EUR
PAY001028,ORD001028,2026-05-23 04:30:57,Bank Transfer,Paid,,385.36,EUR
PAY001029,ORD001029,2026-05-16 18:17:01,PayPal,Refunded,,967.53,EUR
PAY001030,ORD001030,2026-05-11 02:23:47,Bank Transfer,Paid,,265.84,EUR
PAY001031,ORD001031,2026-05-05 22:30:30,Card,Paid,,148.07,EUR
PAY001032,ORD001032,2026-05-06 16:10:58,Wallet,Pending,,184.32,EUR
PAY001033,ORD001033,2026-05-01 19:34:03,Bank Transfer,Paid,,333.22,EUR
PAY001034,ORD001034,2026-05-25 10:54:43,Wallet,Paid,,640.49,EUR
PAY001035,ORD001035,2026-05-18 23:28:51,Card,Pending,,950.95,EUR
PAY001036,ORD001036,2026-05-09 00:13:12,Wallet,Refunded,,252.97,EUR
PAY001037,ORD001037,2026-05-20 18:18:29,Card,Paid,,291.53,EUR
PAY001038,ORD001038,2026-05-25 14:02:51,Bank Transfer,Paid,,781.2,EUR
PAY001039,ORD001039,2026-05-25 20:28:49,Card,Paid,,728.77,EUR
PAY001040,ORD001040,2026-05-04 14:24:48,Card,Pending,,1073.56,EUR
PAY001041,ORD001041,2026-05-03 21:20:15,Card,Refunded,,179.04,EUR
PAY001042,ORD001042,2026-05-08 14:43:18,PayPal,Paid,,174.47,EUR
PAY001043,ORD001043,2026-05-11 05:43:44,Bank Transfer,Paid,,206.24,EUR
PAY001044,ORD001044,2026-05-02 09:24:14,Bank Transfer,Paid,,610.5,EUR
PAY001045,ORD001045,2026-05-19 08:58:11,Bank Transfer,Pending,,246.28,EUR
PAY001046,ORD001046,2026-05-14 09:46:02,Card,Pending,,1329.1,EUR
PAY001047,ORD001047,2026-05-18 22:12:23,Bank Transfer,Failed,,467.91,EUR
PAY001048,ORD001048,2026-05-04 04:31:43,Wallet,Paid,,219.54,EUR
PAY001049,ORD001049,2026-05-09 19:20:00,Card,Paid,,448.32,EUR
PAY001050,ORD001050,2026-05-03 00:05:32,PayPal,Refunded,,158.7,EUR
PAY001051,ORD001051,2026-05-23 12:43:18,Bank Transfer,Pending,,427.61,EUR
PAY001052,ORD001052,2026-05-05 13:30:12,Bank Transfer,Refunded,,126.36,EUR
PAY001053,ORD001053,2026-05-06 19:50:13,Bank Transfer,Paid,,681.48,EUR
PAY001054,ORD001054,2026-05-01 20:27:33,PayPal,Paid,,992.35,EUR
PAY001055,ORD001055,2026-05-22 20:12:12,Bank Transfer,Refunded,,187.79,EUR
PAY001056,ORD001056,2026-05-04 08:33:56,Card,Paid,,537.29,EUR
PAY001057,ORD001057,2026-05-07 01:42:07,Bank Transfer,Pending,,468.08,EUR
PAY001058,ORD001058,2026-05-23 19:19:06,Wallet,Failed,,643.02,EUR
PAY001059,ORD001059,2026-05-14 14:53:54,Card,Paid,,210.49,EUR
PAY001060,ORD001060,2026-05-11 10:04:04,Wallet,Paid,,377.65,EUR
PAY001061,ORD001061,2026-05-12 03:11:34,PayPal,Paid,,600.02,EUR
PAY001062,ORD001062,2026-05-20 15:18:12,Bank Transfer,Failed,,627.23,EUR
PAY001063,ORD001063,2026-05-01 05:01:00,Card,Paid,,684.58,EUR
PAY001064,ORD001064,2026-05-20 15:15:33,Bank Transfer,Pending,,254.96,EUR
PAY001065,ORD001065,2026-05-14 08:13:02,PayPal,Failed,Card Declined,461.72,EUR
PAY001066,ORD001066,2026-05-11 06:01:21,Bank Transfer,Paid,,623.78,EUR
PAY001067,ORD001067,2026-05-07 20:45:55,Wallet,Pending,,436.53,EUR
PAY001068,ORD001068,2026-05-25 04:50:51,Card,Paid,,148.66,EUR
PAY001069,ORD001069,2026-05-18 13:34:43,PayPal,Paid,,237.78,EUR
PAY001070,ORD001070,2026-05-04 19:06:18,PayPal,Paid,,1093.42,EUR
PAY001071,ORD001071,2026-05-06 14:25:39,Card,Pending,,97.13,EUR
PAY001072,ORD001072,2026-05-23 22:13:58,PayPal,Paid,,829.3,EUR
PAY001073,ORD001073,2026-05-20 04:57:13,PayPal,Refunded,,51.53,EUR
PAY001074,ORD001074,2026-05-08 04:40:47,Card,Paid,,786.17,EUR
PAY001075,ORD001075,2026-05-14 04:56:44,Card,Paid,,525.1,EUR
PAY001076,ORD001076,2026-05-18 16:38:41,Bank Transfer,Paid,,991.65,EUR
PAY001077,ORD001077,2026-05-18 15:05:39,Bank Transfer,Paid,,785.96,EUR
PAY001078,ORD001078,2026-05-23 12:55:43,PayPal,Paid,,75.26,EUR
PAY001079,ORD001079,2026-05-04 03:53:52,Card,Paid,,7.34,EUR
PAY001080,ORD001080,2026-05-02 10:41:09,Bank Transfer,Pending,,676.01,EUR
PAY001081,ORD001081,2026-05-19 06:43:37,Wallet,Failed,,179.13,EUR
PAY001082,ORD001082,2026-05-19 09:56:19,Card,Paid,,890.51,EUR
PAY001083,ORD001083,2026-05-25 05:09:06,PayPal,Paid,,79.94,EUR
PAY001084,ORD001084,2026-05-17 22:24:08,Bank Transfer,Refunded,,596.0,EUR
PAY001085,ORD001085,2026-05-09 00:37:16,Wallet,Refunded,,495.81,EUR
PAY001086,ORD001086,2026-05-25 20:13:06,PayPal,Pending,,665.91,EUR
PAY001087,ORD001087,2026-05-19 00:35:23,Bank Transfer,Paid,,291.88,EUR
PAY001088,ORD001088,2026-05-20 16:38:18,Wallet,Failed,,740.64,EUR
PAY001089,ORD001089,2026-05-18 07:33:53,Wallet,Pending,,373.4,EUR
PAY001090,ORD001090,2026-05-20 05:35:58,PayPal,Paid,,439.68,EUR
PAY001091,ORD001091,2026-05-01 08:14:04,Wallet,Refunded,,478.54,EUR
PAY001092,ORD001092,2026-05-13 06:47:05,Bank Transfer,Paid,,865.18,EUR
PAY001093,ORD001093,2026-05-22 08:12:31,Bank Transfer,Paid,,751.1,EUR
PAY001094,ORD001094,2026-05-25 02:12:52,Bank Transfer,Pending,,833.05,EUR
PAY001095,ORD001095,2026-05-11 19:41:51,Card,Refunded,,199.38,EUR
PAY001096,ORD001096,2026-05-08 14:31:02,PayPal,Failed,Card Declined,139.75,EUR
PAY001097,ORD001097,2026-05-09 01:24:09,Card,Paid,,463.79,EUR
PAY001098,ORD001098,2026-05-21 09:19:14,PayPal,Failed,,1180.14,EUR
PAY001099,ORD001099,2026-05-11 20:31:32,Bank Transfer,Failed,,303.73,EUR
PAY001100,ORD001100,2026-05-02 10:11:09,Bank Transfer,Refunded,,816.85,EUR
PAY001101,ORD001101,2026-05-21 13:16:00,Wallet,Pending,,674.63,EUR
PAY001102,ORD001102,2026-05-23 00:58:39,Card,Paid,,393.81,EUR
PAY001103,ORD001103,2026-05-15 04:29:41,Card,Pending,,274.67,EUR
PAY001104,ORD001104,2026-05-01 10:59:39,Wallet,Failed,,335.25,EUR
PAY001105,ORD001105,2026-05-05 02:35:01,PayPal,Paid,,22.03,EUR
PAY001106,ORD001106,2026-05-14 23:54:35,Bank Transfer,Pending,,68.15,EUR
PAY001107,ORD001107,2026-05-07 08:43:20,Wallet,Failed,,119.82,EUR
PAY001108,ORD001108,2026-05-18 23:19:30,PayPal,Paid,,179.04,EUR
PAY001109,ORD001109,2026-05-04 10:52:11,Wallet,Paid,,425.1,EUR
PAY001110,ORD001110,2026-05-19 23:26:06,Wallet,Refunded,,552.75,EUR
PAY001111,ORD001111,2026-05-22 10:23:49,Card,Refunded,,115.8,EUR
PAY001112,ORD001112,2026-05-11 10:42:12,Bank Transfer,Paid,,317.54,EUR
PAY001113,ORD001113,2026-05-22 15:09:56,Wallet,Refunded,,1088.14,EUR
PAY001114,ORD001114,2026-05-14 17:39:45,Bank Transfer,Paid,,376.79,EUR
PAY001115,ORD001115,2026-05-23 16:32:24,PayPal,Refunded,,1280.53,EUR
PAY001116,ORD001116,2026-05-25 06:55:37,Wallet,Paid,,135.84,EUR
PAY001117,ORD001117,2026-05-08 13:13:31,PayPal,Refunded,,866.64,EUR
PAY001118,ORD001118,2026-05-10 00:36:10,Bank Transfer,Paid,,583.59,EUR
PAY001119,ORD001119,2026-05-14 07:08:41,Card,Refunded,,208.58,EUR
PAY001120,ORD001120,2026-05-08 06:49:44,PayPal,Paid,,223.69,EUR
PAY001121,ORD001121,2026-05-05 11:34:26,Card,Paid,,1209.03,EUR
PAY001122,ORD001122,2026-05-12 06:21:58,PayPal,Refunded,,546.11,EUR
PAY001123,ORD001123,2026-05-07 17:32:01,Card,Paid,,105.83,EUR
PAY001124,ORD001124,2026-05-24 22:09:13,PayPal,Paid,,243.31,EUR
PAY001125,ORD001125,2026-05-04 01:27:31,Bank Transfer,Paid,,48.94,EUR
PAY001126,ORD001126,2026-05-09 02:23:55,Bank Transfer,Paid,,593.88,EUR
PAY001127,ORD001127,2026-05-03 10:18:42,Wallet,Paid,,398.66,EUR
PAY001128,ORD001128,2026-05-02 16:56:48,Wallet,Paid,,34.61,EUR
PAY001129,ORD001129,2026-05-10 15:08:11,PayPal,Pending,,650.79,EUR
PAY001130,ORD001130,2026-05-22 17:04:43,PayPal,Pending,,308.88,EUR
PAY001131,ORD001131,2026-05-04 19:08:16,Card,Paid,,315.94,EUR
PAY001132,ORD001132,2026-05-01 05:25:06,Bank Transfer,Paid,,203.99,EUR
PAY001133,ORD001133,2026-05-19 10:27:23,Wallet,Paid,,957.63,EUR
PAY001134,ORD001134,2026-05-15 08:42:05,Wallet,Pending,,786.44,EUR
PAY001135,ORD001135,2026-05-22 12:49:18,Wallet,Refunded,,655.24,EUR
PAY001136,ORD001136,2026-05-16 12:26:11,Wallet,Paid,,579.48,EUR
PAY001137,ORD001137,2026-05-06 04:02:00,Card,Failed,,746.75,EUR
PAY001138,ORD001138,2026-05-14 02:34:03,Card,Failed,,669.31,EUR
PAY001139,ORD001139,2026-05-10 13:40:43,Wallet,Failed,,313.16,EUR
PAY001140,ORD001140,2026-05-02 08:42:23,Wallet,Failed,,1157.02,EUR
PAY001141,ORD001141,2026-05-23 10:47:21,Bank Transfer,Paid,,729.14,EUR
PAY001142,ORD001142,2026-05-21 03:00:42,Card,Paid,,742.56,EUR
PAY001143,ORD001143,2026-05-20 14:42:49,Wallet,Pending,,377.46,EUR
PAY001144,ORD001144,2026-05-05 03:57:00,Wallet,Pending,,663.77,EUR
PAY001145,ORD001145,2026-05-14 15:56:01,Bank Transfer,Pending,,1437.3,EUR
PAY001146,ORD001146,2026-05-03 02:00:59,Wallet,Paid,,193.02,EUR
PAY001147,ORD001147,2026-05-04 13:22:57,Card,Paid,,601.71,EUR
PAY001148,ORD001148,2026-05-15 16:55:11,Wallet,Paid,,106.22,EUR
PAY001149,ORD001149,2026-05-03 09:07:04,Wallet,Pending,,939.04,EUR
PAY001150,ORD001150,2026-05-10 09:09:02,Bank Transfer,Pending,,451.08,EUR
PAY001151,ORD001151,2026-05-25 15:18:27,Bank Transfer,Paid,,264.22,EUR
PAY001152,ORD001152,2026-05-06 03:12:23,Wallet,Failed,Gateway Timeout,639.54,EUR
PAY001153,ORD001153,2026-05-11 19:58:53,Card,Paid,,816.26,EUR
PAY001154,ORD001154,2026-05-25 02:32:40,Bank Transfer,Pending,,79.15,EUR
PAY001155,ORD001155,2026-05-09 06:52:09,Card,Refunded,,190.54,EUR
PAY001156,ORD001156,2026-05-09 06:44:26,Wallet,Paid,,519.45,EUR
PAY001157,ORD001157,2026-05-25 20:14:24,Card,Paid,,997.22,EUR
PAY001158,ORD001158,2026-05-09 06:42:11,PayPal,Paid,,153.26,EUR
PAY001159,ORD001159,2026-05-22 23:57:24,Card,Failed,,160.79,EUR
PAY001160,ORD001160,2026-05-24 17:09:27,Bank Transfer,Refunded,,365.52,EUR
PAY001161,ORD001161,2026-05-19 08:22:50,PayPal,Pending,,462.03,EUR
PAY001162,ORD001162,2026-05-24 04:55:16,Bank Transfer,Paid,,95.68,EUR
PAY001163,ORD001163,2026-05-02 09:21:18,Wallet,Paid,,283.31,EUR
PAY001164,ORD001164,2026-05-06 20:49:52,Bank Transfer,Paid,,852.19,EUR
PAY001165,ORD001165,2026-05-02 10:18:23,PayPal,Paid,,85.39,EUR
PAY001166,ORD001166,2026-05-11 20:20:29,Card,Refunded,,1166.91,EUR
PAY001167,ORD001167,2026-05-22 01:57:21,Card,Paid,,610.37,EUR
PAY001168,ORD001168,2026-05-20 02:13:34,Bank Transfer,Pending,,554.55,EUR
PAY001169,ORD001169,2026-05-15 11:55:53,Card,Paid,,259.02,EUR
PAY001170,ORD001170,2026-05-20 00:37:15,PayPal,Refunded,,114.71,EUR
PAY001171,ORD001171,2026-05-06 03:51:50,Card,Paid,,356.06,EUR
PAY001172,ORD001172,2026-05-25 06:30:54,Card,Refunded,,389.12,EUR
PAY001173,ORD001173,2026-05-21 17:59:06,PayPal,Refunded,,126.24,EUR
PAY001174,ORD001174,2026-05-15 08:21:38,Bank Transfer,Paid,,261.47,EUR
PAY001175,ORD001175,2026-05-08 15:52:35,Wallet,Refunded,,20.41,EUR
PAY001176,ORD001176,2026-05-06 02:16:33,Wallet,Pending,,1188.6,EUR
PAY001177,ORD001177,2026-05-04 09:52:09,Card,Paid,,188.21,EUR
PAY001178,ORD001178,2026-05-19 21:18:13,Card,Paid,,763.17,EUR
PAY001179,ORD001179,2026-05-14 06:36:08,Bank Transfer,Refunded,,187.41,EUR
PAY001180,ORD001180,2026-05-15 13:07:21,Wallet,Failed,,549.72,EUR
PAY001181,ORD001181,2026-05-15 09:21:15,Bank Transfer,Paid,,297.43,EUR
PAY001182,ORD001182,2026-05-12 05:36:21,Bank Transfer,Paid,,1052.98,EUR
PAY001183,ORD001183,2026-05-18 04:07:18,PayPal,Refunded,,338.63,EUR
PAY001184,ORD001184,2026-05-19 15:54:43,PayPal,Failed,,1093.61,EUR
PAY001185,ORD001185,2026-05-18 22:52:57,Card,Pending,,911.53,EUR
PAY001186,ORD001186,2026-05-09 10:05:31,Bank Transfer,Pending,,710.58,EUR
PAY001187,ORD001187,2026-05-09 13:53:11,Wallet,Paid,,772.03,EUR
PAY001188,ORD001188,2026-05-20 03:43:28,Card,Paid,,1118.64,EUR
PAY001189,ORD001189,2026-05-22 13:10:45,Bank Transfer,Paid,,831.96,EUR
PAY001190,ORD001190,2026-05-11 12:41:09,PayPal,Paid,,364.87,EUR
PAY001191,ORD001191,2026-05-09 12:47:36,Wallet,Paid,,265.06,EUR
PAY001192,ORD001192,2026-05-15 22:34:59,Bank Transfer,Paid,,519.79,EUR
PAY001193,ORD001193,2026-05-11 02:05:20,PayPal,Paid,,207.63,EUR
PAY001194,ORD001194,2026-05-17 03:04:27,Wallet,Paid,,767.03,EUR
PAY001195,ORD001195,2026-05-04 05:09:07,Card,Paid,,346.2,EUR
PAY001196,ORD001196,2026-05-04 14:49:00,PayPal,Paid,,595.32,EUR
PAY001197,ORD001197,2026-05-24 11:53:36,Bank Transfer,Paid,,579.48,EUR
PAY001198,ORD001198,2026-05-25 15:15:18,Card,Paid,,664.33,EUR
PAY001199,ORD001199,2026-05-16 15:46:21,Wallet,Pending,,608.93,EUR
PAY001200,ORD001200,2026-05-01 22:34:29,Bank Transfer,Pending,,657.19,EUR
PAY_BAD_001,ORD999999,2026-07-01 12:00:00,Unknown,InvalidStatus,Unknown,-50,USD
