ShipmentID,OrderID,WarehouseID,Carrier,ShipmentDate,ExpectedDeliveryDate,ActualDeliveryDate,DeliveryStatus,DeliveryCountry
SHP000001,ORD000001,W001,DHL,2026-05-16,2026-05-18,2026-05-17,Delivered,Italy
SHP000002,ORD000002,W001,FedEx,2026-05-18,2026-05-19,,Lost,Austria
SHP000003,ORD000003,W001,DHL,2026-05-13,2026-05-15,,In Transit,France
SHP000004,ORD000004,W001,DHL,2026-05-07,2026-05-10,,Delayed,Belgium
SHP000005,ORD000005,W001,PostNL,2026-05-12,2026-05-14,2026-05-16,Delivered,Netherlands
SHP000006,ORD000006,W001,FedEx,2026-05-04,2026-05-06,,Delayed,Belgium
SHP000007,ORD000007,W001,PostNL,2026-05-21,2026-05-27,,Delayed,Sweden
SHP000008,ORD000008,W001,FedEx,2026-05-07,2026-05-09,,Delayed,Netherlands
SHP000009,ORD000009,W001,DPD,2026-05-08,2026-05-14,,Lost,Sweden
SHP000010,ORD000010,W001,DHL,2026-05-07,2026-05-08,,Delayed,Austria
SHP000011,ORD000011,W001,DPD,2026-05-12,2026-05-14,2026-05-17,Delivered,Sweden
SHP000012,ORD000012,W001,FedEx,2026-05-25,2026-05-31,,Delayed,France
SHP000013,ORD000013,W001,UPS,2026-05-23,2026-05-27,2026-05-28,Delivered,Austria
SHP000014,ORD000014,W001,FedEx,2026-05-09,2026-05-15,2026-05-14,Delivered,Spain
SHP000015,ORD000015,W001,UPS,2026-05-09,2026-05-13,,Delayed,Belgium
SHP000016,ORD000016,W001,UPS,2026-05-23,2026-05-27,2026-05-26,Delivered,Sweden
SHP000017,ORD000017,W001,UPS,2026-05-19,2026-05-23,2026-05-25,Delivered,Germany
SHP000018,ORD000018,W001,PostNL,2026-05-17,2026-05-23,,Lost,Germany
SHP000019,ORD000019,W001,UPS,2026-05-07,2026-05-09,2026-05-12,Delivered,France
SHP000020,ORD000020,W001,DHL,2026-05-20,2026-05-23,,Lost,Germany
SHP000021,ORD000021,W001,DPD,2026-05-13,2026-05-17,2026-05-19,Delivered,Austria
SHP000022,ORD000022,W001,DHL,2026-05-13,2026-05-15,,Delayed,Austria
SHP000023,ORD000023,W001,PostNL,2026-05-25,2026-05-27,2026-05-30,Delivered,France
SHP000024,ORD000024,W001,UPS,2026-05-10,2026-05-12,,In Transit,Austria
SHP000025,ORD000025,W001,UPS,2026-05-21,2026-05-24,,Delayed,France
SHP000026,ORD000026,W001,PostNL,2026-05-03,2026-05-04,,Delayed,Netherlands
SHP000027,ORD000027,W001,DPD,2026-05-07,2026-05-12,2026-05-12,Delivered,Belgium
SHP000028,ORD000028,W001,UPS,2026-05-09,2026-05-11,,In Transit,France
SHP000029,ORD000029,W001,DPD,2026-05-19,2026-05-23,,In Transit,Austria
SHP000030,ORD000030,W001,DHL,2026-05-23,2026-05-25,,Delayed,Netherlands
SHP000031,ORD000031,W001,FedEx,2026-05-17,2026-05-23,,Delayed,France
SHP000032,ORD000032,W001,FedEx,2026-05-15,2026-05-17,,Lost,Spain
SHP000033,ORD000033,W001,DHL,2026-05-23,2026-05-29,2026-05-30,Delivered,Belgium
SHP000034,ORD000034,W001,UPS,2026-05-22,2026-05-25,2026-05-25,Delivered,Sweden
SHP000035,ORD000035,W001,FedEx,2026-05-13,2026-05-16,,Delayed,Germany
SHP000036,ORD000036,W001,PostNL,2026-05-17,2026-05-18,,In Transit,Netherlands
SHP000037,ORD000037,W001,PostNL,2026-05-24,2026-05-28,2026-05-29,Delivered,Italy
SHP000038,ORD000038,W001,PostNL,2026-05-23,2026-05-24,,In Transit,Italy
SHP000039,ORD000039,W001,FedEx,2026-05-04,2026-05-09,,In Transit,Spain
SHP000040,ORD000040,W001,DPD,2026-05-14,2026-05-15,,In Transit,Sweden
SHP000041,ORD000041,W001,FedEx,2026-05-23,2026-05-26,,In Transit,Italy
SHP000042,ORD000042,W001,FedEx,2026-05-06,2026-05-08,2026-05-07,Delivered,Austria
SHP000043,ORD000043,W001,DPD,2026-05-23,2026-05-27,,Delayed,Germany
SHP000044,ORD000044,W001,PostNL,2026-05-03,2026-05-06,2026-05-07,Delivered,Italy
SHP000045,ORD000045,W001,DPD,2026-05-09,2026-05-10,2026-05-10,Delivered,Italy
SHP000046,ORD000046,W001,PostNL,2026-05-10,2026-05-15,,Delayed,Austria
SHP000047,ORD000047,W001,PostNL,2026-05-08,2026-05-13,2026-05-17,Delivered,France
SHP000048,ORD000048,W001,DPD,2026-05-22,2026-05-24,,Lost,France
SHP000049,ORD000049,W001,PostNL,2026-05-10,2026-05-16,,In Transit,Netherlands
SHP000050,ORD000050,W001,FedEx,2026-05-02,2026-05-04,,Lost,Belgium
SHP000051,ORD000051,W001,UPS,2026-05-02,2026-05-05,,Delayed,Spain
SHP000052,ORD000052,W001,DPD,2026-05-05,2026-05-06,,Delayed,Belgium
SHP000053,ORD000053,W001,DHL,2026-05-18,2026-05-21,,In Transit,Austria
SHP000054,ORD000054,W001,DHL,2026-05-26,2026-05-31,,In Transit,Spain
SHP000055,ORD000055,W001,PostNL,2026-05-24,2026-05-27,2026-05-26,Delivered,France
SHP000056,ORD000056,W001,FedEx,2026-05-06,2026-05-07,2026-05-10,Delivered,Germany
SHP000057,ORD000057,W001,DPD,2026-05-08,2026-05-10,2026-05-14,Delivered,Belgium
SHP000058,ORD000058,W001,FedEx,2026-05-03,2026-05-06,2026-05-10,Delivered,Germany
SHP000059,ORD000059,W001,UPS,2026-05-23,2026-05-25,,Delayed,Sweden
SHP000060,ORD000060,W001,FedEx,2026-05-04,2026-05-10,2026-05-13,Delivered,Netherlands
SHP000061,ORD000061,W001,DHL,2026-05-17,2026-05-20,,In Transit,Netherlands
SHP000062,ORD000062,W001,DHL,2026-05-25,2026-05-29,,In Transit,Germany
SHP000063,ORD000063,W001,UPS,2026-05-25,2026-05-29,,Delayed,Spain
SHP000064,ORD000064,W001,DHL,2026-05-22,2026-05-27,2026-05-28,Delivered,Belgium
SHP000065,ORD000065,W001,FedEx,2026-05-08,2026-05-12,2026-05-12,Delivered,Austria
SHP000066,ORD000066,W001,FedEx,2026-05-12,2026-05-18,2026-05-21,Delivered,Spain
SHP000067,ORD000067,W001,PostNL,2026-05-11,2026-05-13,2026-05-13,Delivered,Sweden
SHP000068,ORD000068,W001,PostNL,2026-05-25,2026-05-28,,Delayed,Austria
SHP000069,ORD000069,W001,PostNL,2026-05-02,2026-05-08,2026-05-07,Delivered,Netherlands
SHP000070,ORD000070,W001,DHL,2026-05-10,2026-05-11,2026-05-10,Delivered,Italy
SHP000071,ORD000071,W001,DPD,2026-05-06,2026-05-08,,Delayed,Germany
SHP000072,ORD000072,W001,PostNL,2026-05-13,2026-05-17,2026-05-19,Delivered,Spain
SHP000073,ORD000073,W001,PostNL,2026-05-10,2026-05-16,,Lost,Sweden
SHP000074,ORD000074,W001,DHL,2026-05-03,2026-05-06,2026-05-05,Delivered,France
SHP000075,ORD000075,W001,UPS,2026-05-12,2026-05-17,2026-05-20,Delivered,France
SHP000076,ORD000076,W001,UPS,2026-05-17,2026-05-22,,Lost,Netherlands
SHP000077,ORD000077,W001,UPS,2026-05-18,2026-05-24,2026-05-25,Delivered,Spain
SHP000078,ORD000078,W001,PostNL,2026-05-04,2026-05-08,,In Transit,Spain
SHP000079,ORD000079,W001,DPD,2026-05-10,2026-05-15,,In Transit,Spain
SHP000080,ORD000080,W001,DPD,2026-05-03,2026-05-04,2026-05-03,Delivered,Spain
SHP000081,ORD000081,W001,PostNL,2026-05-25,2026-05-31,2026-06-01,Delivered,France
SHP000082,ORD000082,W001,DPD,2026-05-24,2026-05-28,,Delayed,Austria
SHP000083,ORD000083,W001,UPS,2026-05-15,2026-05-21,,Delayed,Spain
SHP000084,ORD000084,W001,FedEx,2026-05-18,2026-05-20,,Lost,Austria
SHP000085,ORD000085,W001,DHL,2026-05-14,2026-05-20,,In Transit,France
SHP000086,ORD000086,W001,DHL,2026-05-21,2026-05-25,2026-05-28,Delivered,Netherlands
SHP000087,ORD000087,W001,UPS,2026-05-20,2026-05-21,,Lost,Germany
SHP000088,ORD000088,W001,DPD,2026-05-22,2026-05-23,2026-05-23,Delivered,Belgium
SHP000089,ORD000089,W001,DPD,2026-05-24,2026-05-30,2026-06-01,Delivered,Netherlands
SHP000090,ORD000090,W001,PostNL,2026-05-07,2026-05-13,,Lost,Austria
SHP000091,ORD000091,W001,PostNL,2026-05-05,2026-05-11,,Lost,Germany
SHP000092,ORD000092,W001,DPD,2026-05-18,2026-05-22,2026-05-23,Delivered,France
SHP000093,ORD000093,W001,FedEx,2026-05-02,2026-05-08,,In Transit,Belgium
SHP000094,ORD000094,W001,UPS,2026-05-25,2026-05-26,,Delayed,Austria
SHP000095,ORD000095,W001,DHL,2026-05-24,2026-05-27,2026-05-26,Delivered,Germany
SHP000096,ORD000096,W001,UPS,2026-05-24,2026-05-29,,Lost,Netherlands
SHP000097,ORD000097,W001,UPS,2026-05-17,2026-05-21,,Lost,Sweden
SHP000098,ORD000098,W001,DPD,2026-05-13,2026-05-18,2026-05-19,Delivered,Sweden
SHP000099,ORD000099,W001,FedEx,2026-05-15,2026-05-17,,Lost,Italy
SHP000100,ORD000100,W001,DHL,2026-05-26,2026-05-31,2026-05-30,Delivered,Italy
SHP000101,ORD000101,W001,PostNL,2026-05-25,2026-05-27,2026-05-29,Delivered,Spain
SHP000102,ORD000102,W001,FedEx,2026-05-08,2026-05-09,,In Transit,Austria
SHP000103,ORD000103,W001,UPS,2026-05-07,2026-05-11,2026-05-13,Delivered,Spain
SHP000104,ORD000104,W001,UPS,2026-05-20,2026-05-23,2026-05-22,Delivered,France
SHP000105,ORD000105,W001,UPS,2026-05-04,2026-05-08,2026-05-12,Delivered,Netherlands
SHP000106,ORD000106,W001,FedEx,2026-05-04,2026-05-05,2026-05-08,Delivered,Austria
SHP000107,ORD000107,W001,FedEx,2026-05-10,2026-05-16,,Lost,Belgium
SHP000108,ORD000108,W001,DPD,2026-05-16,2026-05-22,,Delayed,Netherlands
SHP000109,ORD000109,W001,PostNL,2026-05-13,2026-05-14,,In Transit,Sweden
SHP000110,ORD000110,W001,PostNL,2026-05-02,2026-05-06,,Lost,Italy
SHP000111,ORD000111,W001,UPS,2026-05-26,2026-05-29,,Lost,Austria
SHP000112,ORD000112,W001,PostNL,2026-05-06,2026-05-08,2026-05-12,Delivered,Sweden
SHP000113,ORD000113,W001,DHL,2026-05-16,2026-05-18,,Lost,Italy
SHP000114,ORD000114,W001,DHL,2026-05-13,2026-05-18,,Lost,Spain
SHP000115,ORD000115,W001,PostNL,2026-05-22,2026-05-25,2026-05-24,Delivered,Belgium
SHP000116,ORD000116,W001,FedEx,2026-05-19,2026-05-22,2026-05-25,Delivered,Austria
SHP000117,ORD000117,W001,DHL,2026-05-24,2026-05-29,,Delayed,Austria
SHP000118,ORD000118,W001,PostNL,2026-05-13,2026-05-14,,Delayed,Germany
SHP000119,ORD000119,W001,FedEx,2026-05-08,2026-05-14,,In Transit,Spain
SHP000120,ORD000120,W001,UPS,2026-05-14,2026-05-19,2026-05-23,Delivered,Netherlands
SHP000121,ORD000121,W001,DPD,2026-05-26,2026-05-31,,Delayed,France
SHP000122,ORD000122,W001,UPS,2026-05-03,2026-05-04,,Delayed,Austria
SHP000123,ORD000123,W001,DHL,2026-05-15,2026-05-20,2026-05-21,Delivered,France
SHP000124,ORD000124,W001,PostNL,2026-05-17,2026-05-22,,In Transit,Germany
SHP000125,ORD000125,W001,UPS,2026-05-08,2026-05-14,2026-05-13,Delivered,Belgium
SHP000126,ORD000126,W001,UPS,2026-05-15,2026-05-19,,Lost,Italy
SHP000127,ORD000127,W001,FedEx,2026-05-03,2026-05-09,,Delayed,Sweden
SHP000128,ORD000128,W001,FedEx,2026-05-11,2026-05-16,2026-05-19,Delivered,Netherlands
SHP000129,ORD000129,W001,UPS,2026-05-22,2026-05-26,,In Transit,Netherlands
SHP000130,ORD000130,W001,DPD,2026-05-20,2026-05-24,,Delayed,Italy
SHP000131,ORD000131,W001,UPS,2026-05-03,2026-05-06,2026-05-09,Delivered,Belgium
SHP000132,ORD000132,W001,DHL,2026-05-12,2026-05-14,2026-05-17,Delivered,Belgium
SHP000133,ORD000133,W001,PostNL,2026-05-17,2026-05-20,,Delayed,Austria
SHP000134,ORD000134,W001,PostNL,2026-05-07,2026-05-09,,In Transit,Germany
SHP000135,ORD000135,W001,PostNL,2026-05-13,2026-05-18,,Delayed,Netherlands
SHP000136,ORD000136,W001,DPD,2026-05-14,2026-05-19,,Lost,France
SHP000137,ORD000137,W001,PostNL,2026-05-03,2026-05-05,2026-05-04,Delivered,Sweden
SHP000138,ORD000138,W001,DHL,2026-05-26,2026-06-01,2026-06-01,Delivered,Germany
SHP000139,ORD000139,W001,PostNL,2026-05-03,2026-05-06,,Delayed,France
SHP000140,ORD000140,W001,FedEx,2026-05-13,2026-05-15,,In Transit,France
SHP000141,ORD000141,W001,DPD,2026-05-10,2026-05-15,,Lost,Sweden
SHP000142,ORD000142,W001,UPS,2026-05-17,2026-05-21,,In Transit,France
SHP000143,ORD000143,W001,FedEx,2026-05-06,2026-05-09,,In Transit,Germany
SHP000144,ORD000144,W001,UPS,2026-05-16,2026-05-20,,In Transit,France
SHP000145,ORD000145,W001,DHL,2026-05-16,2026-05-19,,Delayed,Sweden
SHP000146,ORD000146,W001,FedEx,2026-05-11,2026-05-15,,Lost,Italy
SHP000147,ORD000147,W001,DPD,2026-05-09,2026-05-13,2026-05-13,Delivered,Spain
SHP000148,ORD000148,W001,UPS,2026-05-14,2026-05-18,,In Transit,Netherlands
SHP000149,ORD000149,W001,DPD,2026-05-05,2026-05-07,,Delayed,Belgium
SHP000150,ORD000150,W001,PostNL,2026-05-05,2026-05-06,2026-05-07,Delivered,Austria
SHP000151,ORD000151,W001,DPD,2026-05-22,2026-05-24,2026-05-23,Delivered,Italy
SHP000152,ORD000152,W001,PostNL,2026-05-06,2026-05-07,2026-05-11,Delivered,Sweden
SHP000153,ORD000153,W001,DPD,2026-05-09,2026-05-10,,In Transit,Germany
SHP000154,ORD000154,W001,DPD,2026-05-11,2026-05-15,,Delayed,Sweden
SHP000155,ORD000155,W001,DPD,2026-05-16,2026-05-18,,Lost,Belgium
SHP000156,ORD000156,W001,DHL,2026-05-12,2026-05-17,,Delayed,Netherlands
SHP000157,ORD000157,W001,PostNL,2026-05-16,2026-05-21,,Delayed,Spain
SHP000158,ORD000158,W001,DPD,2026-05-16,2026-05-19,2026-05-18,Delivered,Italy
SHP000159,ORD000159,W001,FedEx,2026-05-07,2026-05-10,,Delayed,Austria
SHP000160,ORD000160,W001,DHL,2026-05-02,2026-05-08,2026-05-07,Delivered,France
SHP000161,ORD000161,W001,FedEx,2026-05-05,2026-05-07,,In Transit,Netherlands
SHP000162,ORD000162,W001,DHL,2026-05-24,2026-05-28,,Lost,France
SHP000163,ORD000163,W001,DHL,2026-05-24,2026-05-28,2026-05-29,Delivered,Netherlands
SHP000164,ORD000164,W001,PostNL,2026-05-02,2026-05-05,,In Transit,Germany
SHP000165,ORD000165,W001,DHL,2026-05-22,2026-05-25,,Lost,France
SHP000166,ORD000166,W001,FedEx,2026-05-18,2026-05-21,,In Transit,Italy
SHP000167,ORD000167,W001,UPS,2026-05-14,2026-05-20,2026-05-23,Delivered,France
SHP000168,ORD000168,W001,PostNL,2026-05-03,2026-05-04,,In Transit,France
SHP000169,ORD000169,W001,DHL,2026-05-15,2026-05-21,2026-05-20,Delivered,Netherlands
SHP000170,ORD000170,W001,UPS,2026-05-12,2026-05-14,,In Transit,Sweden
SHP000171,ORD000171,W001,UPS,2026-05-22,2026-05-23,2026-05-25,Delivered,Netherlands
SHP000172,ORD000172,W001,DPD,2026-05-04,2026-05-08,2026-05-12,Delivered,Belgium
SHP000173,ORD000173,W001,UPS,2026-05-10,2026-05-12,2026-05-14,Delivered,Netherlands
SHP000174,ORD000174,W001,UPS,2026-05-22,2026-05-26,,Lost,Sweden
SHP000175,ORD000175,W001,PostNL,2026-05-12,2026-05-14,2026-05-18,Delivered,Austria
SHP000176,ORD000176,W001,DHL,2026-05-24,2026-05-28,2026-05-27,Delivered,Netherlands
SHP000177,ORD000177,W001,DHL,2026-05-26,2026-05-31,,Delayed,Spain
SHP000178,ORD000178,W001,DPD,2026-05-09,2026-05-14,2026-05-14,Delivered,Austria
SHP000179,ORD000179,W001,FedEx,2026-05-21,2026-05-26,2026-05-29,Delivered,Netherlands
SHP000180,ORD000180,W001,DHL,2026-05-21,2026-05-27,,Delayed,Germany
SHP000181,ORD000181,W001,FedEx,2026-05-15,2026-05-16,2026-05-20,Delivered,Austria
SHP000182,ORD000182,W001,FedEx,2026-05-24,2026-05-26,2026-05-25,Delivered,Austria
SHP000183,ORD000183,W001,PostNL,2026-05-11,2026-05-16,,Delayed,Germany
SHP000184,ORD000184,W001,FedEx,2026-05-04,2026-05-10,,Lost,Belgium
SHP000185,ORD000185,W001,PostNL,2026-05-25,2026-05-28,,In Transit,Netherlands
SHP000186,ORD000186,W001,DHL,2026-05-13,2026-05-19,2026-05-20,Delivered,Netherlands
SHP000187,ORD000187,W001,DHL,2026-05-25,2026-05-31,,Lost,Italy
SHP000188,ORD000188,W001,FedEx,2026-05-18,2026-05-23,,Lost,Austria
SHP000189,ORD000189,W001,PostNL,2026-05-07,2026-05-11,2026-05-14,Delivered,Belgium
SHP000190,ORD000190,W001,PostNL,2026-05-02,2026-05-04,,Delayed,Austria
SHP000191,ORD000191,W001,DPD,2026-05-14,2026-05-18,2026-05-19,Delivered,France
SHP000192,ORD000192,W001,DHL,2026-05-09,2026-05-15,,Lost,France
SHP000193,ORD000193,W001,UPS,2026-05-13,2026-05-15,,In Transit,Spain
SHP000194,ORD000194,W001,DPD,2026-05-20,2026-05-25,,In Transit,France
SHP000195,ORD000195,W001,DPD,2026-05-25,2026-05-30,2026-05-29,Delivered,Belgium
SHP000196,ORD000196,W001,DHL,2026-05-16,2026-05-21,2026-05-24,Delivered,Netherlands
SHP000197,ORD000197,W001,DHL,2026-05-11,2026-05-14,,Delayed,Austria
SHP000198,ORD000198,W001,DPD,2026-05-22,2026-05-26,2026-05-28,Delivered,Spain
SHP000199,ORD000199,W001,DHL,2026-05-16,2026-05-17,2026-05-19,Delivered,Austria
SHP000200,ORD000200,W001,UPS,2026-05-21,2026-05-25,2026-05-29,Delivered,Spain
SHP000201,ORD000201,W001,DHL,2026-05-09,2026-05-12,,Delayed,Belgium
SHP000202,ORD000202,W001,DHL,2026-05-18,2026-05-20,,In Transit,Sweden
SHP000203,ORD000203,W001,UPS,2026-05-23,2026-05-26,,In Transit,Spain
SHP000204,ORD000204,W001,UPS,2026-05-16,2026-05-17,,Lost,Austria
SHP000205,ORD000205,W001,DHL,2026-05-17,2026-05-22,2026-05-24,Delivered,Netherlands
SHP000206,ORD000206,W001,DPD,2026-05-11,2026-05-17,,In Transit,Sweden
SHP000207,ORD000207,W001,DPD,2026-05-02,2026-05-07,,In Transit,Belgium
SHP000208,ORD000208,W001,DHL,2026-05-16,2026-05-21,2026-05-21,Delivered,Spain
SHP000209,ORD000209,W001,PostNL,2026-05-13,2026-05-16,,In Transit,Austria
SHP000210,ORD000210,W001,DHL,2026-05-09,2026-05-14,,Delayed,France
SHP000211,ORD000211,W001,PostNL,2026-05-12,2026-05-14,2026-05-18,Delivered,Spain
SHP000212,ORD000212,W001,DPD,2026-05-07,2026-05-08,2026-05-11,Delivered,Belgium
SHP000213,ORD000213,W001,UPS,2026-05-03,2026-05-09,,Lost,Austria
SHP000214,ORD000214,W001,DPD,2026-05-16,2026-05-21,,Lost,Sweden
SHP000215,ORD000215,W001,FedEx,2026-05-15,2026-05-16,,Lost,Spain
SHP000216,ORD000216,W001,FedEx,2026-05-19,2026-05-23,,In Transit,Belgium
SHP000217,ORD000217,W001,UPS,2026-05-06,2026-05-12,2026-05-11,Delivered,Sweden
SHP000218,ORD000218,W001,UPS,2026-05-14,2026-05-18,2026-05-18,Delivered,Belgium
SHP000219,ORD000219,W001,UPS,2026-05-15,2026-05-16,2026-05-18,Delivered,Sweden
SHP000220,ORD000220,W001,UPS,2026-05-19,2026-05-20,,In Transit,Spain
SHP000221,ORD000221,W001,UPS,2026-05-11,2026-05-14,,Delayed,Italy
SHP000222,ORD000222,W001,PostNL,2026-05-21,2026-05-23,2026-05-27,Delivered,Germany
SHP000223,ORD000223,W001,UPS,2026-05-18,2026-05-21,,Lost,Netherlands
SHP000224,ORD000224,W001,PostNL,2026-05-05,2026-05-10,,Delayed,Sweden
SHP000225,ORD000225,W001,DHL,2026-05-17,2026-05-22,,In Transit,Netherlands
SHP000226,ORD000226,W001,DPD,2026-05-13,2026-05-15,2026-05-16,Delivered,Italy
SHP000227,ORD000227,W001,DPD,2026-05-14,2026-05-17,2026-05-19,Delivered,Spain
SHP000228,ORD000228,W001,DHL,2026-05-19,2026-05-20,2026-05-21,Delivered,Netherlands
SHP000229,ORD000229,W001,PostNL,2026-05-06,2026-05-09,2026-05-08,Delivered,Netherlands
SHP000230,ORD000230,W001,FedEx,2026-05-23,2026-05-28,2026-06-01,Delivered,Sweden
SHP000231,ORD000231,W001,DHL,2026-05-11,2026-05-16,,In Transit,Italy
SHP000232,ORD000232,W001,FedEx,2026-05-25,2026-05-28,2026-05-28,Delivered,Sweden
SHP000233,ORD000233,W001,PostNL,2026-05-11,2026-05-17,2026-05-16,Delivered,Austria
SHP000234,ORD000234,W001,PostNL,2026-05-19,2026-05-21,2026-05-20,Delivered,France
SHP000235,ORD000235,W001,DPD,2026-05-03,2026-05-08,2026-05-07,Delivered,Netherlands
SHP000236,ORD000236,W001,DPD,2026-05-05,2026-05-11,,Delayed,Germany
SHP000237,ORD000237,W001,PostNL,2026-05-14,2026-05-17,2026-05-20,Delivered,Belgium
SHP000238,ORD000238,W001,FedEx,2026-05-12,2026-05-16,,In Transit,Germany
SHP000239,ORD000239,W001,UPS,2026-05-07,2026-05-13,2026-05-12,Delivered,Germany
SHP000240,ORD000240,W001,DHL,2026-05-21,2026-05-25,2026-05-29,Delivered,Italy
SHP000241,ORD000241,W001,PostNL,2026-05-22,2026-05-24,,Delayed,Spain
SHP000242,ORD000242,W001,DHL,2026-05-05,2026-05-11,2026-05-11,Delivered,Austria
SHP000243,ORD000243,W001,FedEx,2026-05-22,2026-05-23,,In Transit,Austria
SHP000244,ORD000244,W001,PostNL,2026-05-12,2026-05-14,,Lost,Belgium
SHP000245,ORD000245,W001,DPD,2026-05-05,2026-05-11,,Delayed,Belgium
SHP000246,ORD000246,W001,FedEx,2026-05-12,2026-05-18,,Delayed,Netherlands
SHP000247,ORD000247,W001,DHL,2026-05-16,2026-05-18,2026-05-17,Delivered,Spain
SHP000248,ORD000248,W001,DPD,2026-05-03,2026-05-06,2026-05-09,Delivered,Sweden
SHP000249,ORD000249,W001,PostNL,2026-05-22,2026-05-27,2026-05-26,Delivered,Belgium
SHP000250,ORD000250,W001,DPD,2026-05-16,2026-05-19,,Delayed,Italy
SHP000251,ORD000251,W001,UPS,2026-05-12,2026-05-18,2026-05-21,Delivered,Belgium
SHP000252,ORD000252,W001,DPD,2026-05-11,2026-05-12,,In Transit,Germany
SHP000253,ORD000253,W001,FedEx,2026-05-23,2026-05-28,2026-05-29,Delivered,Sweden
SHP000254,ORD000254,W001,UPS,2026-05-09,2026-05-13,2026-05-13,Delivered,Sweden
SHP000255,ORD000255,W001,DHL,2026-05-19,2026-05-23,,Lost,France
SHP000256,ORD000256,W001,DPD,2026-05-19,2026-05-20,,In Transit,Netherlands
SHP000257,ORD000257,W001,DHL,2026-05-21,2026-05-23,,Delayed,Germany
SHP000258,ORD000258,W001,DHL,2026-05-20,2026-05-22,2026-05-22,Delivered,Germany
SHP000259,ORD000259,W001,DHL,2026-05-17,2026-05-18,2026-05-19,Delivered,France
SHP000260,ORD000260,W001,PostNL,2026-05-04,2026-05-10,2026-05-12,Delivered,Italy
SHP000261,ORD000261,W001,DHL,2026-05-20,2026-05-24,,In Transit,Netherlands
SHP000262,ORD000262,W001,PostNL,2026-05-15,2026-05-16,,Lost,Netherlands
SHP000263,ORD000263,W001,DHL,2026-05-09,2026-05-11,,In Transit,Germany
SHP000264,ORD000264,W001,UPS,2026-05-25,2026-05-29,2026-05-30,Delivered,Netherlands
SHP000265,ORD000265,W001,PostNL,2026-05-21,2026-05-22,,Lost,Netherlands
SHP000266,ORD000266,W001,DPD,2026-05-16,2026-05-18,,Delayed,France
SHP000267,ORD000267,W001,FedEx,2026-05-03,2026-05-05,,Lost,France
SHP000268,ORD000268,W001,PostNL,2026-05-19,2026-05-25,,Lost,France
SHP000269,ORD000269,W001,PostNL,2026-05-08,2026-05-09,2026-05-08,Delivered,France
SHP000270,ORD000270,W001,UPS,2026-05-15,2026-05-20,,Lost,Germany
SHP000271,ORD000271,W001,DPD,2026-05-18,2026-05-24,,Delayed,Germany
SHP000272,ORD000272,W001,UPS,2026-05-09,2026-05-14,2026-05-16,Delivered,Netherlands
SHP000273,ORD000273,W001,DPD,2026-05-18,2026-05-24,2026-05-23,Delivered,Belgium
SHP000274,ORD000274,W001,DHL,2026-05-25,2026-05-29,2026-06-02,Delivered,Belgium
SHP000275,ORD000275,W001,PostNL,2026-05-25,2026-05-26,2026-05-27,Delivered,Netherlands
SHP000276,ORD000276,W001,UPS,2026-05-19,2026-05-20,2026-05-24,Delivered,Netherlands
SHP000277,ORD000277,W001,DPD,2026-05-22,2026-05-28,2026-06-01,Delivered,Austria
SHP000278,ORD000278,W001,PostNL,2026-05-24,2026-05-25,2026-05-27,Delivered,France
SHP000279,ORD000279,W001,DHL,2026-05-19,2026-05-22,,Delayed,Belgium
SHP000280,ORD000280,W001,DPD,2026-05-15,2026-05-17,,Delayed,Spain
SHP000281,ORD000281,W001,DHL,2026-05-14,2026-05-15,,Delayed,Netherlands
SHP000282,ORD000282,W001,FedEx,2026-05-22,2026-05-24,2026-05-26,Delivered,Sweden
SHP000283,ORD000283,W001,UPS,2026-05-12,2026-05-17,,In Transit,Netherlands
SHP000284,ORD000284,W001,PostNL,2026-05-19,2026-05-22,2026-05-22,Delivered,Italy
SHP000285,ORD000285,W001,DPD,2026-05-18,2026-05-24,,Delayed,Spain
SHP000286,ORD000286,W001,DPD,2026-05-18,2026-05-21,,Lost,Sweden
SHP000287,ORD000287,W001,DHL,2026-05-12,2026-05-16,,Delayed,Austria
SHP000288,ORD000288,W001,FedEx,2026-05-04,2026-05-07,,Delayed,Netherlands
SHP000289,ORD000289,W001,PostNL,2026-05-14,2026-05-16,,Lost,Sweden
SHP000290,ORD000290,W001,DHL,2026-05-08,2026-05-13,,Delayed,Austria
SHP000291,ORD000291,W001,DPD,2026-05-04,2026-05-08,,Delayed,Sweden
SHP000292,ORD000292,W001,DPD,2026-05-04,2026-05-10,,In Transit,France
SHP000293,ORD000293,W001,DPD,2026-05-05,2026-05-06,2026-05-08,Delivered,Netherlands
SHP000294,ORD000294,W001,DHL,2026-05-07,2026-05-10,2026-05-12,Delivered,Sweden
SHP000295,ORD000295,W001,UPS,2026-05-16,2026-05-22,,Delayed,Netherlands
SHP000296,ORD000296,W001,FedEx,2026-05-25,2026-05-26,2026-05-27,Delivered,Italy
SHP000297,ORD000297,W001,PostNL,2026-05-02,2026-05-07,,In Transit,Italy
SHP000298,ORD000298,W001,DHL,2026-05-07,2026-05-11,2026-05-15,Delivered,Sweden
SHP000299,ORD000299,W001,DHL,2026-05-11,2026-05-14,,Lost,Italy
SHP000300,ORD000300,W001,DPD,2026-05-21,2026-05-24,2026-05-23,Delivered,Belgium
SHP000301,ORD000301,W001,FedEx,2026-05-26,2026-06-01,2026-06-04,Delivered,Netherlands
SHP000302,ORD000302,W001,DHL,2026-05-02,2026-05-07,2026-05-09,Delivered,Netherlands
SHP000303,ORD000303,W001,DPD,2026-05-26,2026-05-27,2026-05-31,Delivered,Italy
SHP000304,ORD000304,W001,PostNL,2026-05-14,2026-05-16,,Lost,Germany
SHP000305,ORD000305,W001,PostNL,2026-05-16,2026-05-20,2026-05-19,Delivered,Netherlands
SHP000306,ORD000306,W001,FedEx,2026-05-26,2026-06-01,,Delayed,Belgium
SHP000307,ORD000307,W001,FedEx,2026-05-07,2026-05-09,,Delayed,Spain
SHP000308,ORD000308,W001,FedEx,2026-05-25,2026-05-26,,In Transit,Germany
SHP000309,ORD000309,W001,FedEx,2026-05-03,2026-05-07,2026-05-07,Delivered,Sweden
SHP000310,ORD000310,W001,PostNL,2026-05-13,2026-05-17,2026-05-18,Delivered,Belgium
SHP000311,ORD000311,W001,UPS,2026-05-07,2026-05-13,,Delayed,Germany
SHP000312,ORD000312,W001,UPS,2026-05-13,2026-05-18,,Delayed,Germany
SHP000313,ORD000313,W001,UPS,2026-05-07,2026-05-10,2026-05-13,Delivered,Spain
SHP000314,ORD000314,W001,UPS,2026-05-10,2026-05-15,2026-05-18,Delivered,Netherlands
SHP000315,ORD000315,W001,FedEx,2026-05-06,2026-05-08,2026-05-09,Delivered,Italy
SHP000316,ORD000316,W001,DPD,2026-05-25,2026-05-31,2026-06-04,Delivered,Germany
SHP000317,ORD000317,W001,DPD,2026-05-23,2026-05-28,,Delayed,Sweden
SHP000318,ORD000318,W001,DHL,2026-05-18,2026-05-19,2026-05-23,Delivered,Netherlands
SHP000319,ORD000319,W001,DPD,2026-05-16,2026-05-18,2026-05-18,Delivered,Spain
SHP000320,ORD000320,W001,DHL,2026-05-22,2026-05-24,2026-05-28,Delivered,Germany
SHP000321,ORD000321,W001,PostNL,2026-05-05,2026-05-10,,Delayed,Netherlands
SHP000322,ORD000322,W001,UPS,2026-05-21,2026-05-22,2026-05-24,Delivered,Netherlands
SHP000323,ORD000323,W001,PostNL,2026-05-24,2026-05-30,2026-06-02,Delivered,Netherlands
SHP000324,ORD000324,W001,FedEx,2026-05-18,2026-05-23,,In Transit,Sweden
SHP000325,ORD000325,W001,UPS,2026-05-17,2026-05-23,,Delayed,Austria
SHP000326,ORD000326,W001,DHL,2026-05-08,2026-05-10,,Lost,Austria
SHP000327,ORD000327,W001,PostNL,2026-05-12,2026-05-17,,Delayed,Austria
SHP000328,ORD000328,W001,DHL,2026-05-24,2026-05-29,2026-06-01,Delivered,Italy
SHP000329,ORD000329,W001,PostNL,2026-05-04,2026-05-09,,In Transit,Austria
SHP000330,ORD000330,W001,DPD,2026-05-03,2026-05-07,,Delayed,Belgium
SHP000331,ORD000331,W001,DHL,2026-05-19,2026-05-25,2026-05-29,Delivered,Sweden
SHP000332,ORD000332,W001,DPD,2026-05-22,2026-05-28,,In Transit,Netherlands
SHP000333,ORD000333,W001,PostNL,2026-05-06,2026-05-08,,In Transit,Sweden
SHP000334,ORD000334,W001,DPD,2026-05-10,2026-05-12,2026-05-12,Delivered,Italy
SHP000335,ORD000335,W001,DHL,2026-05-17,2026-05-23,,Delayed,Spain
SHP000336,ORD000336,W001,DPD,2026-05-25,2026-05-28,,Delayed,Belgium
SHP000337,ORD000337,W001,UPS,2026-05-14,2026-05-16,,Lost,Germany
SHP000338,ORD000338,W001,UPS,2026-05-20,2026-05-23,2026-05-26,Delivered,Netherlands
SHP000339,ORD000339,W001,UPS,2026-05-24,2026-05-25,2026-05-29,Delivered,Germany
SHP000340,ORD000340,W001,DHL,2026-05-19,2026-05-20,,Delayed,Sweden
SHP000341,ORD000341,W001,FedEx,2026-05-26,2026-05-30,,Lost,Spain
SHP000342,ORD000342,W001,DPD,2026-05-11,2026-05-13,2026-05-12,Delivered,Spain
SHP000343,ORD000343,W001,DHL,2026-05-13,2026-05-16,,Delayed,Sweden
SHP000344,ORD000344,W001,PostNL,2026-05-24,2026-05-25,,In Transit,France
SHP000345,ORD000345,W001,PostNL,2026-05-20,2026-05-23,2026-05-26,Delivered,Netherlands
SHP000346,ORD000346,W001,FedEx,2026-05-05,2026-05-11,,Delayed,Netherlands
SHP000347,ORD000347,W001,PostNL,2026-05-20,2026-05-22,2026-05-23,Delivered,Belgium
SHP000348,ORD000348,W001,FedEx,2026-05-09,2026-05-14,2026-05-13,Delivered,Italy
SHP000349,ORD000349,W001,DHL,2026-05-14,2026-05-19,,Lost,Austria
SHP000350,ORD000350,W001,UPS,2026-05-04,2026-05-09,,In Transit,Spain
SHP000351,ORD000351,W001,PostNL,2026-05-10,2026-05-11,,In Transit,Belgium
SHP000352,ORD000352,W001,UPS,2026-05-17,2026-05-20,,Delayed,Italy
SHP000353,ORD000353,W001,UPS,2026-05-08,2026-05-14,,Delayed,Italy
SHP000354,ORD000354,W001,DPD,2026-05-14,2026-05-16,,Delayed,Austria
SHP000355,ORD000355,W001,DPD,2026-05-17,2026-05-20,2026-05-19,Delivered,Spain
SHP000356,ORD000356,W001,PostNL,2026-05-11,2026-05-14,,Lost,Netherlands
SHP000357,ORD000357,W001,UPS,2026-05-08,2026-05-13,,In Transit,Sweden
SHP000358,ORD000358,W001,PostNL,2026-05-15,2026-05-16,,In Transit,Italy
SHP000359,ORD000359,W001,UPS,2026-05-06,2026-05-10,,In Transit,France
SHP000360,ORD000360,W001,DPD,2026-05-07,2026-05-12,,Lost,Austria
SHP000361,ORD000361,W001,DPD,2026-05-16,2026-05-19,2026-05-20,Delivered,Austria
SHP000362,ORD000362,W001,FedEx,2026-05-10,2026-05-11,,Lost,Germany
SHP000363,ORD000363,W001,FedEx,2026-05-03,2026-05-09,2026-05-11,Delivered,Netherlands
SHP000364,ORD000364,W001,UPS,2026-05-23,2026-05-24,2026-05-28,Delivered,Belgium
SHP000365,ORD000365,W001,UPS,2026-05-18,2026-05-19,2026-05-21,Delivered,Spain
SHP000366,ORD000366,W001,PostNL,2026-05-16,2026-05-22,2026-05-24,Delivered,Sweden
SHP000367,ORD000367,W001,UPS,2026-05-18,2026-05-19,,In Transit,Netherlands
SHP000368,ORD000368,W001,UPS,2026-05-07,2026-05-13,,Lost,Netherlands
SHP000369,ORD000369,W001,FedEx,2026-05-26,2026-05-28,2026-05-30,Delivered,Germany
SHP000370,ORD000370,W001,DPD,2026-05-12,2026-05-16,,Delayed,Germany
SHP000371,ORD000371,W001,DPD,2026-05-12,2026-05-17,2026-05-17,Delivered,Sweden
SHP000372,ORD000372,W001,DPD,2026-05-19,2026-05-21,2026-05-25,Delivered,Netherlands
SHP000373,ORD000373,W001,FedEx,2026-05-25,2026-05-31,2026-05-30,Delivered,France
SHP000374,ORD000374,W001,DHL,2026-05-07,2026-05-13,2026-05-13,Delivered,Netherlands
SHP000375,ORD000375,W001,DPD,2026-05-14,2026-05-15,,Lost,Germany
SHP000376,ORD000376,W001,UPS,2026-05-23,2026-05-27,2026-05-28,Delivered,Belgium
SHP000377,ORD000377,W001,UPS,2026-05-20,2026-05-24,,Lost,Austria
SHP000378,ORD000378,W001,DHL,2026-05-04,2026-05-06,2026-05-07,Delivered,Italy
SHP000379,ORD000379,W001,PostNL,2026-05-09,2026-05-11,2026-05-12,Delivered,Austria
SHP000380,ORD000380,W001,UPS,2026-05-17,2026-05-21,2026-05-22,Delivered,Belgium
SHP000381,ORD000381,W001,DHL,2026-05-08,2026-05-12,,Lost,Belgium
SHP000382,ORD000382,W001,DPD,2026-05-10,2026-05-16,2026-05-18,Delivered,Sweden
SHP000383,ORD000383,W001,DHL,2026-05-16,2026-05-19,,Lost,Sweden
SHP000384,ORD000384,W001,PostNL,2026-05-05,2026-05-09,2026-05-13,Delivered,Belgium
SHP000385,ORD000385,W001,FedEx,2026-05-09,2026-05-15,2026-05-15,Delivered,Belgium
SHP000386,ORD000386,W001,FedEx,2026-05-08,2026-05-11,,Lost,Italy
SHP000387,ORD000387,W001,DPD,2026-05-08,2026-05-11,2026-05-15,Delivered,Netherlands
SHP000388,ORD000388,W001,DPD,2026-05-09,2026-05-12,2026-05-11,Delivered,Netherlands
SHP000389,ORD000389,W001,DPD,2026-05-05,2026-05-10,2026-05-11,Delivered,Italy
SHP000390,ORD000390,W001,UPS,2026-05-02,2026-05-03,2026-05-05,Delivered,Spain
SHP000391,ORD000391,W001,FedEx,2026-05-10,2026-05-13,,Delayed,Italy
SHP000392,ORD000392,W001,DHL,2026-05-04,2026-05-06,,Delayed,France
SHP000393,ORD000393,W001,FedEx,2026-05-25,2026-05-27,2026-05-31,Delivered,Germany
SHP000394,ORD000394,W001,DHL,2026-05-20,2026-05-26,2026-05-30,Delivered,Netherlands
SHP000395,ORD000395,W001,DPD,2026-05-16,2026-05-21,2026-05-21,Delivered,Belgium
SHP000396,ORD000396,W001,FedEx,2026-05-25,2026-05-27,2026-05-28,Delivered,Sweden
SHP000397,ORD000397,W001,PostNL,2026-05-24,2026-05-30,2026-06-02,Delivered,Netherlands
SHP000398,ORD000398,W001,UPS,2026-05-15,2026-05-20,2026-05-23,Delivered,Sweden
SHP000399,ORD000399,W001,FedEx,2026-05-12,2026-05-18,,In Transit,Austria
SHP000400,ORD000400,W001,UPS,2026-05-09,2026-05-13,,In Transit,Italy
SHP000401,ORD000401,W001,DPD,2026-05-24,2026-05-25,2026-05-26,Delivered,Italy
SHP000402,ORD000402,W001,UPS,2026-05-05,2026-05-06,2026-05-06,Delivered,Belgium
SHP000403,ORD000403,W001,PostNL,2026-05-24,2026-05-27,2026-05-31,Delivered,Belgium
SHP000404,ORD000404,W001,DPD,2026-05-03,2026-05-08,2026-05-09,Delivered,Spain
SHP000405,ORD000405,W001,UPS,2026-05-25,2026-05-29,,In Transit,Belgium
SHP000406,ORD000406,W001,DPD,2026-05-07,2026-05-09,2026-05-09,Delivered,Sweden
SHP000407,ORD000407,W001,PostNL,2026-05-08,2026-05-13,2026-05-14,Delivered,Belgium
SHP000408,ORD000408,W001,UPS,2026-05-04,2026-05-08,2026-05-08,Delivered,Italy
SHP000409,ORD000409,W001,UPS,2026-05-16,2026-05-22,2026-05-24,Delivered,France
SHP000410,ORD000410,W001,DPD,2026-05-09,2026-05-11,,In Transit,France
SHP000411,ORD000411,W001,PostNL,2026-05-18,2026-05-22,,In Transit,Austria
SHP000412,ORD000412,W001,FedEx,2026-05-05,2026-05-10,2026-05-11,Delivered,Germany
SHP000413,ORD000413,W001,DHL,2026-05-24,2026-05-29,2026-05-31,Delivered,Sweden
SHP000414,ORD000414,W001,PostNL,2026-05-17,2026-05-23,,In Transit,Italy
SHP000415,ORD000415,W001,UPS,2026-05-25,2026-05-27,2026-05-26,Delivered,Belgium
SHP000416,ORD000416,W001,PostNL,2026-05-26,2026-05-28,2026-05-31,Delivered,Netherlands
SHP000417,ORD000417,W001,FedEx,2026-05-08,2026-05-12,2026-05-15,Delivered,Netherlands
SHP000418,ORD000418,W001,DPD,2026-05-09,2026-05-10,,In Transit,Netherlands
SHP000419,ORD000419,W001,FedEx,2026-05-17,2026-05-21,2026-05-23,Delivered,Spain
SHP000420,ORD000420,W001,PostNL,2026-05-17,2026-05-23,,Lost,Spain
SHP000421,ORD000421,W001,PostNL,2026-05-21,2026-05-25,,Delayed,Austria
SHP000422,ORD000422,W001,FedEx,2026-05-20,2026-05-25,,Delayed,Sweden
SHP000423,ORD000423,W001,DPD,2026-05-24,2026-05-30,,Delayed,Austria
SHP000424,ORD000424,W001,UPS,2026-05-18,2026-05-23,2026-05-22,Delivered,Spain
SHP000425,ORD000425,W001,FedEx,2026-05-08,2026-05-14,2026-05-15,Delivered,Sweden
SHP000426,ORD000426,W001,PostNL,2026-05-07,2026-05-11,,Delayed,France
SHP000427,ORD000427,W001,DPD,2026-05-19,2026-05-21,,Delayed,Belgium
SHP000428,ORD000428,W001,DPD,2026-05-14,2026-05-17,,Lost,Sweden
SHP000429,ORD000429,W001,FedEx,2026-05-12,2026-05-16,,Lost,Netherlands
SHP000430,ORD000430,W001,DPD,2026-05-19,2026-05-23,,In Transit,Netherlands
SHP000431,ORD000431,W001,FedEx,2026-05-25,2026-05-26,2026-05-26,Delivered,Belgium
SHP000432,ORD000432,W001,PostNL,2026-05-22,2026-05-26,,Delayed,Germany
SHP000433,ORD000433,W001,DPD,2026-05-07,2026-05-09,,Delayed,Sweden
SHP000434,ORD000434,W001,PostNL,2026-05-11,2026-05-12,2026-05-15,Delivered,Netherlands
SHP000435,ORD000435,W001,PostNL,2026-05-22,2026-05-28,,Delayed,Netherlands
SHP000436,ORD000436,W001,FedEx,2026-05-13,2026-05-15,,In Transit,Sweden
SHP000437,ORD000437,W001,DHL,2026-05-03,2026-05-06,2026-05-09,Delivered,Italy
SHP000438,ORD000438,W001,DHL,2026-05-11,2026-05-15,,Lost,Belgium
SHP000439,ORD000439,W001,PostNL,2026-05-04,2026-05-09,,In Transit,Germany
SHP000440,ORD000440,W001,FedEx,2026-05-12,2026-05-15,,Lost,France
SHP000441,ORD000441,W001,PostNL,2026-05-09,2026-05-14,,In Transit,Belgium
SHP000442,ORD000442,W001,DPD,2026-05-04,2026-05-10,,In Transit,Sweden
SHP000443,ORD000443,W001,FedEx,2026-05-17,2026-05-23,2026-05-22,Delivered,Germany
SHP000444,ORD000444,W001,PostNL,2026-05-16,2026-05-19,,Lost,France
SHP000445,ORD000445,W001,PostNL,2026-05-20,2026-05-21,2026-05-21,Delivered,Germany
SHP000446,ORD000446,W001,PostNL,2026-05-16,2026-05-20,2026-05-24,Delivered,Belgium
SHP000447,ORD000447,W001,UPS,2026-05-16,2026-05-20,,In Transit,Netherlands
SHP000448,ORD000448,W001,UPS,2026-05-12,2026-05-14,2026-05-13,Delivered,Sweden
SHP000449,ORD000449,W001,DPD,2026-05-18,2026-05-20,,Lost,Italy
SHP000450,ORD000450,W001,DHL,2026-05-08,2026-05-10,,Lost,Austria
SHP000451,ORD000451,W001,FedEx,2026-05-11,2026-05-12,,Delayed,Sweden
SHP000452,ORD000452,W001,DHL,2026-05-03,2026-05-04,2026-05-07,Delivered,Germany
SHP000453,ORD000453,W001,DHL,2026-05-11,2026-05-14,2026-05-13,Delivered,Netherlands
SHP000454,ORD000454,W001,DHL,2026-05-23,2026-05-24,2026-05-28,Delivered,Belgium
SHP000455,ORD000455,W001,DPD,2026-05-03,2026-05-06,2026-05-09,Delivered,Italy
SHP000456,ORD000456,W001,FedEx,2026-05-19,2026-05-25,2026-05-25,Delivered,Belgium
SHP000457,ORD000457,W001,DHL,2026-05-03,2026-05-05,,Delayed,Belgium
SHP000458,ORD000458,W001,DPD,2026-05-20,2026-05-25,,In Transit,Netherlands
SHP000459,ORD000459,W001,FedEx,2026-05-23,2026-05-28,,Delayed,Italy
SHP000460,ORD000460,W001,UPS,2026-05-25,2026-05-30,2026-06-03,Delivered,Austria
SHP000461,ORD000461,W001,FedEx,2026-05-17,2026-05-23,,Lost,Spain
SHP000462,ORD000462,W001,DPD,2026-05-25,2026-05-29,2026-05-28,Delivered,Germany
SHP000463,ORD000463,W001,DHL,2026-05-18,2026-05-21,2026-05-22,Delivered,France
SHP000464,ORD000464,W001,UPS,2026-05-25,2026-05-29,2026-06-01,Delivered,Italy
SHP000465,ORD000465,W001,UPS,2026-05-11,2026-05-15,,Delayed,Netherlands
SHP000466,ORD000466,W001,DPD,2026-05-10,2026-05-11,,Lost,Netherlands
SHP000467,ORD000467,W001,DPD,2026-05-02,2026-05-04,,Delayed,Italy
SHP000468,ORD000468,W001,DPD,2026-05-11,2026-05-15,2026-05-14,Delivered,Germany
SHP000469,ORD000469,W001,PostNL,2026-05-08,2026-05-11,2026-05-12,Delivered,Spain
SHP000470,ORD000470,W001,PostNL,2026-05-10,2026-05-16,2026-05-17,Delivered,Germany
SHP000471,ORD000471,W001,UPS,2026-05-25,2026-05-26,,Delayed,Germany
SHP000472,ORD000472,W001,PostNL,2026-05-11,2026-05-13,2026-05-14,Delivered,Belgium
SHP000473,ORD000473,W001,UPS,2026-05-10,2026-05-13,,Delayed,Germany
SHP000474,ORD000474,W001,DPD,2026-05-03,2026-05-08,,In Transit,Germany
SHP000475,ORD000475,W001,UPS,2026-05-21,2026-05-25,,Delayed,Sweden
SHP000476,ORD000476,W001,UPS,2026-05-21,2026-05-23,2026-05-24,Delivered,France
SHP000477,ORD000477,W001,PostNL,2026-05-04,2026-05-07,2026-05-10,Delivered,Spain
SHP000478,ORD000478,W001,DHL,2026-05-08,2026-05-10,,Lost,Netherlands
SHP000479,ORD000479,W001,DPD,2026-05-24,2026-05-26,2026-05-27,Delivered,Spain
SHP000480,ORD000480,W001,UPS,2026-05-08,2026-05-10,,In Transit,Germany
SHP000481,ORD000481,W001,DPD,2026-05-16,2026-05-17,,Delayed,Sweden
SHP000482,ORD000482,W001,DPD,2026-05-18,2026-05-24,2026-05-25,Delivered,Sweden
SHP000483,ORD000483,W001,FedEx,2026-05-15,2026-05-20,2026-05-19,Delivered,Germany
SHP000484,ORD000484,W001,PostNL,2026-05-15,2026-05-17,,Lost,Netherlands
SHP000485,ORD000485,W001,UPS,2026-05-10,2026-05-11,2026-05-11,Delivered,Austria
SHP000486,ORD000486,W001,DHL,2026-05-04,2026-05-08,2026-05-10,Delivered,Italy
SHP000487,ORD000487,W001,FedEx,2026-05-16,2026-05-22,,Delayed,Spain
SHP000488,ORD000488,W001,UPS,2026-05-02,2026-05-07,2026-05-07,Delivered,Spain
SHP000489,ORD000489,W001,FedEx,2026-05-23,2026-05-29,2026-05-31,Delivered,Austria
SHP000490,ORD000490,W001,UPS,2026-05-23,2026-05-24,2026-05-28,Delivered,Belgium
SHP000491,ORD000491,W001,UPS,2026-05-25,2026-05-26,2026-05-26,Delivered,Belgium
SHP000492,ORD000492,W001,FedEx,2026-05-05,2026-05-08,,In Transit,Netherlands
SHP000493,ORD000493,W001,DPD,2026-05-04,2026-05-08,2026-05-12,Delivered,Germany
SHP000494,ORD000494,W001,UPS,2026-05-12,2026-05-17,2026-05-20,Delivered,Austria
SHP000495,ORD000495,W001,PostNL,2026-05-05,2026-05-06,2026-05-07,Delivered,Austria
SHP000496,ORD000496,W001,DPD,2026-05-15,2026-05-21,,In Transit,Sweden
SHP000497,ORD000497,W001,UPS,2026-05-10,2026-05-11,2026-05-10,Delivered,Germany
SHP000498,ORD000498,W001,PostNL,2026-05-17,2026-05-20,2026-05-21,Delivered,France
SHP000499,ORD000499,W001,DPD,2026-05-12,2026-05-18,2026-05-17,Delivered,Sweden
SHP000500,ORD000500,W001,FedEx,2026-05-09,2026-05-10,,Delayed,Netherlands
SHP000501,ORD000501,W001,FedEx,2026-05-09,2026-05-11,,Lost,France
SHP000502,ORD000502,W001,DPD,2026-05-02,2026-05-03,,Lost,Netherlands
SHP000503,ORD000503,W001,DHL,2026-05-11,2026-05-12,2026-05-16,Delivered,Italy
SHP000504,ORD000504,W001,PostNL,2026-05-18,2026-05-20,,In Transit,Spain
SHP000505,ORD000505,W001,DPD,2026-05-02,2026-05-07,2026-05-09,Delivered,Germany
SHP000506,ORD000506,W001,PostNL,2026-05-06,2026-05-09,,In Transit,Austria
SHP000507,ORD000507,W001,DPD,2026-05-05,2026-05-10,2026-05-14,Delivered,Italy
SHP000508,ORD000508,W001,DHL,2026-05-09,2026-05-11,,Lost,Austria
SHP000509,ORD000509,W001,DHL,2026-05-26,2026-05-29,2026-05-30,Delivered,France
SHP000510,ORD000510,W001,DPD,2026-05-02,2026-05-04,2026-05-07,Delivered,Netherlands
SHP000511,ORD000511,W001,PostNL,2026-05-06,2026-05-12,2026-05-13,Delivered,Sweden
SHP000512,ORD000512,W001,DHL,2026-05-08,2026-05-11,2026-05-14,Delivered,Austria
SHP000513,ORD000513,W001,DPD,2026-05-02,2026-05-06,,Lost,Spain
SHP000514,ORD000514,W001,DPD,2026-05-21,2026-05-27,2026-05-28,Delivered,Sweden
SHP000515,ORD000515,W001,UPS,2026-05-02,2026-05-05,2026-05-07,Delivered,Germany
SHP000516,ORD000516,W001,PostNL,2026-05-06,2026-05-09,2026-05-13,Delivered,France
SHP000517,ORD000517,W001,UPS,2026-05-02,2026-05-06,2026-05-10,Delivered,Austria
SHP000518,ORD000518,W001,FedEx,2026-05-09,2026-05-11,,Delayed,France
SHP000519,ORD000519,W001,FedEx,2026-05-14,2026-05-15,2026-05-14,Delivered,Belgium
SHP000520,ORD000520,W001,DHL,2026-05-15,2026-05-17,,Lost,Germany
SHP000521,ORD000521,W001,UPS,2026-05-23,2026-05-28,2026-06-01,Delivered,Sweden
SHP000522,ORD000522,W001,DPD,2026-05-18,2026-05-21,2026-05-20,Delivered,Sweden
SHP000523,ORD000523,W001,PostNL,2026-05-09,2026-05-11,,Lost,Italy
SHP000524,ORD000524,W001,DPD,2026-05-26,2026-06-01,,Lost,Belgium
SHP000525,ORD000525,W001,DHL,2026-05-23,2026-05-24,,Delayed,Italy
SHP000526,ORD000526,W001,PostNL,2026-05-05,2026-05-11,,In Transit,Italy
SHP000527,ORD000527,W001,DHL,2026-05-02,2026-05-05,2026-05-07,Delivered,Austria
SHP000528,ORD000528,W001,UPS,2026-05-09,2026-05-14,2026-05-14,Delivered,Sweden
SHP000529,ORD000529,W001,PostNL,2026-05-04,2026-05-05,,Lost,Belgium
SHP000530,ORD000530,W001,FedEx,2026-05-24,2026-05-28,,Delayed,France
SHP000531,ORD000531,W001,DPD,2026-05-04,2026-05-10,,In Transit,Belgium
SHP000532,ORD000532,W001,DPD,2026-05-15,2026-05-18,2026-05-19,Delivered,Germany
SHP000533,ORD000533,W001,UPS,2026-05-07,2026-05-13,,In Transit,Netherlands
SHP000534,ORD000534,W001,DHL,2026-05-03,2026-05-09,,In Transit,France
SHP000535,ORD000535,W001,DPD,2026-05-07,2026-05-08,,Delayed,Belgium
SHP000536,ORD000536,W001,PostNL,2026-05-11,2026-05-12,2026-05-14,Delivered,Sweden
SHP000537,ORD000537,W001,FedEx,2026-05-16,2026-05-17,,Delayed,Austria
SHP000538,ORD000538,W001,DHL,2026-05-14,2026-05-18,2026-05-19,Delivered,Germany
SHP000539,ORD000539,W001,DPD,2026-05-10,2026-05-11,2026-05-13,Delivered,Germany
SHP000540,ORD000540,W001,PostNL,2026-05-22,2026-05-24,,In Transit,Sweden
SHP000541,ORD000541,W001,UPS,2026-05-08,2026-05-14,,Lost,Germany
SHP000542,ORD000542,W001,PostNL,2026-05-15,2026-05-18,2026-05-18,Delivered,Germany
SHP000543,ORD000543,W001,DHL,2026-05-13,2026-05-15,2026-05-16,Delivered,Spain
SHP000544,ORD000544,W001,PostNL,2026-05-23,2026-05-25,,Delayed,Sweden
SHP000545,ORD000545,W001,PostNL,2026-05-06,2026-05-12,2026-05-11,Delivered,Austria
SHP000546,ORD000546,W001,PostNL,2026-05-15,2026-05-17,2026-05-20,Delivered,Belgium
SHP000547,ORD000547,W001,DPD,2026-05-16,2026-05-21,2026-05-20,Delivered,Spain
SHP000548,ORD000548,W001,FedEx,2026-05-20,2026-05-24,,In Transit,Sweden
SHP000549,ORD000549,W001,PostNL,2026-05-07,2026-05-08,2026-05-11,Delivered,Germany
SHP000550,ORD000550,W001,UPS,2026-05-26,2026-05-30,,Delayed,Sweden
SHP000551,ORD000551,W001,FedEx,2026-05-22,2026-05-23,2026-05-24,Delivered,Belgium
SHP000552,ORD000552,W001,DHL,2026-05-07,2026-05-12,2026-05-12,Delivered,Germany
SHP000553,ORD000553,W001,DHL,2026-05-23,2026-05-24,2026-05-26,Delivered,France
SHP000554,ORD000554,W001,UPS,2026-05-08,2026-05-11,,In Transit,Italy
SHP000555,ORD000555,W001,DHL,2026-05-10,2026-05-15,,Lost,Italy
SHP000556,ORD000556,W001,UPS,2026-05-13,2026-05-19,2026-05-20,Delivered,Belgium
SHP000557,ORD000557,W001,DHL,2026-05-09,2026-05-14,,In Transit,France
SHP000558,ORD000558,W001,PostNL,2026-05-13,2026-05-14,,Delayed,Sweden
SHP000559,ORD000559,W001,PostNL,2026-05-02,2026-05-08,2026-05-08,Delivered,Belgium
SHP000560,ORD000560,W001,PostNL,2026-05-06,2026-05-07,2026-05-07,Delivered,Sweden
SHP000561,ORD000561,W001,PostNL,2026-05-06,2026-05-07,2026-05-06,Delivered,Belgium
SHP000562,ORD000562,W001,PostNL,2026-05-25,2026-05-29,,Lost,Spain
SHP000563,ORD000563,W001,FedEx,2026-05-08,2026-05-09,,In Transit,Spain
SHP000564,ORD000564,W001,DHL,2026-05-02,2026-05-04,2026-05-05,Delivered,France
SHP000565,ORD000565,W001,PostNL,2026-05-19,2026-05-24,,In Transit,Austria
SHP000566,ORD000566,W001,PostNL,2026-05-17,2026-05-20,,In Transit,Sweden
SHP000567,ORD000567,W001,DHL,2026-05-23,2026-05-24,2026-05-24,Delivered,Italy
SHP000568,ORD000568,W001,UPS,2026-05-12,2026-05-13,2026-05-16,Delivered,Austria
SHP000569,ORD000569,W001,UPS,2026-05-14,2026-05-16,2026-05-18,Delivered,Germany
SHP000570,ORD000570,W001,DPD,2026-05-03,2026-05-07,2026-05-07,Delivered,France
SHP000571,ORD000571,W001,FedEx,2026-05-13,2026-05-16,2026-05-17,Delivered,France
SHP000572,ORD000572,W001,UPS,2026-05-13,2026-05-16,,In Transit,Sweden
SHP000573,ORD000573,W001,DPD,2026-05-13,2026-05-17,,Delayed,Belgium
SHP000574,ORD000574,W001,FedEx,2026-05-04,2026-05-07,,Lost,Belgium
SHP000575,ORD000575,W001,DHL,2026-05-04,2026-05-05,2026-05-04,Delivered,Austria
SHP000576,ORD000576,W001,FedEx,2026-05-02,2026-05-06,2026-05-10,Delivered,France
SHP000577,ORD000577,W001,FedEx,2026-05-02,2026-05-06,,Delayed,Germany
SHP000578,ORD000578,W001,DPD,2026-05-17,2026-05-21,2026-05-22,Delivered,Sweden
SHP000579,ORD000579,W001,UPS,2026-05-22,2026-05-24,,Delayed,Netherlands
SHP000580,ORD000580,W001,PostNL,2026-05-24,2026-05-25,,Delayed,Germany
SHP000581,ORD000581,W001,UPS,2026-05-09,2026-05-11,2026-05-11,Delivered,Belgium
SHP000582,ORD000582,W001,PostNL,2026-05-16,2026-05-18,,Delayed,Austria
SHP000583,ORD000583,W001,FedEx,2026-05-02,2026-05-04,,In Transit,Sweden
SHP000584,ORD000584,W001,DPD,2026-05-07,2026-05-10,2026-05-13,Delivered,Spain
SHP000585,ORD000585,W001,FedEx,2026-05-03,2026-05-08,2026-05-12,Delivered,Netherlands
SHP000586,ORD000586,W001,DHL,2026-05-18,2026-05-24,,Delayed,Austria
SHP000587,ORD000587,W001,DHL,2026-05-06,2026-05-08,,Delayed,Spain
SHP000588,ORD000588,W001,PostNL,2026-05-16,2026-05-22,,Lost,Spain
SHP000589,ORD000589,W001,DHL,2026-05-18,2026-05-22,2026-05-23,Delivered,Germany
SHP000590,ORD000590,W001,DHL,2026-05-08,2026-05-13,2026-05-13,Delivered,Sweden
SHP000591,ORD000591,W001,PostNL,2026-05-24,2026-05-29,,Lost,Germany
SHP000592,ORD000592,W001,DPD,2026-05-02,2026-05-04,,Lost,Germany
SHP000593,ORD000593,W001,DHL,2026-05-23,2026-05-28,,In Transit,Germany
SHP000594,ORD000594,W001,PostNL,2026-05-21,2026-05-24,,In Transit,Italy
SHP000595,ORD000595,W001,PostNL,2026-05-11,2026-05-17,2026-05-19,Delivered,Austria
SHP000596,ORD000596,W001,DPD,2026-05-19,2026-05-25,,In Transit,Belgium
SHP000597,ORD000597,W001,UPS,2026-05-26,2026-05-29,2026-06-01,Delivered,Germany
SHP000598,ORD000598,W001,UPS,2026-05-04,2026-05-07,2026-05-11,Delivered,Sweden
SHP000599,ORD000599,W001,PostNL,2026-05-20,2026-05-21,,Delayed,France
SHP000600,ORD000600,W001,UPS,2026-05-13,2026-05-16,,Delayed,Spain
SHP000601,ORD000601,W001,DHL,2026-05-18,2026-05-19,2026-05-23,Delivered,Italy
SHP000602,ORD000602,W001,DPD,2026-05-20,2026-05-21,,In Transit,Italy
SHP000603,ORD000603,W001,FedEx,2026-05-05,2026-05-11,,In Transit,Austria
SHP000604,ORD000604,W001,PostNL,2026-05-20,2026-05-23,,Lost,Sweden
SHP000605,ORD000605,W001,FedEx,2026-05-12,2026-05-16,2026-05-15,Delivered,Sweden
SHP000606,ORD000606,W001,UPS,2026-05-02,2026-05-08,,In Transit,Italy
SHP000607,ORD000607,W001,UPS,2026-05-22,2026-05-26,2026-05-30,Delivered,Belgium
SHP000608,ORD000608,W001,DPD,2026-05-04,2026-05-10,,Lost,Austria
SHP000609,ORD000609,W001,DPD,2026-05-06,2026-05-11,,Delayed,Netherlands
SHP000610,ORD000610,W001,DPD,2026-05-14,2026-05-20,,In Transit,Italy
SHP000611,ORD000611,W001,UPS,2026-05-07,2026-05-08,,In Transit,Germany
SHP000612,ORD000612,W001,DPD,2026-05-13,2026-05-19,2026-05-21,Delivered,Sweden
SHP000613,ORD000613,W001,FedEx,2026-05-18,2026-05-24,,Lost,Netherlands
SHP000614,ORD000614,W001,DPD,2026-05-13,2026-05-14,2026-05-18,Delivered,Spain
SHP000615,ORD000615,W001,UPS,2026-05-20,2026-05-26,2026-05-26,Delivered,Sweden
SHP000616,ORD000616,W001,UPS,2026-05-07,2026-05-08,2026-05-12,Delivered,Austria
SHP000617,ORD000617,W001,UPS,2026-05-08,2026-05-13,,Delayed,Sweden
SHP000618,ORD000618,W001,DHL,2026-05-24,2026-05-30,2026-05-30,Delivered,Sweden
SHP000619,ORD000619,W001,DHL,2026-05-10,2026-05-14,,Lost,France
SHP000620,ORD000620,W001,DPD,2026-05-12,2026-05-17,2026-05-16,Delivered,Austria
SHP000621,ORD000621,W001,DHL,2026-05-12,2026-05-14,,Delayed,Netherlands
SHP000622,ORD000622,W001,UPS,2026-05-15,2026-05-17,,In Transit,France
SHP000623,ORD000623,W001,FedEx,2026-05-18,2026-05-21,2026-05-22,Delivered,France
SHP000624,ORD000624,W001,FedEx,2026-05-09,2026-05-13,,Delayed,Austria
SHP000625,ORD000625,W001,DPD,2026-05-02,2026-05-06,2026-05-08,Delivered,Belgium
SHP000626,ORD000626,W001,DHL,2026-05-10,2026-05-16,2026-05-17,Delivered,Austria
SHP000627,ORD000627,W001,UPS,2026-05-09,2026-05-10,2026-05-11,Delivered,Belgium
SHP000628,ORD000628,W001,DHL,2026-05-04,2026-05-09,2026-05-13,Delivered,Austria
SHP000629,ORD000629,W001,PostNL,2026-05-05,2026-05-10,2026-05-11,Delivered,Spain
SHP000630,ORD000630,W001,PostNL,2026-05-14,2026-05-15,2026-05-15,Delivered,Spain
SHP000631,ORD000631,W001,FedEx,2026-05-21,2026-05-22,,Delayed,Spain
SHP000632,ORD000632,W001,FedEx,2026-05-03,2026-05-09,,Delayed,Belgium
SHP000633,ORD000633,W001,UPS,2026-05-02,2026-05-08,2026-05-08,Delivered,Germany
SHP000634,ORD000634,W001,FedEx,2026-05-18,2026-05-22,2026-05-25,Delivered,Spain
SHP000635,ORD000635,W001,DHL,2026-05-22,2026-05-25,,Lost,Spain
SHP000636,ORD000636,W001,FedEx,2026-05-16,2026-05-20,,Lost,Austria
SHP000637,ORD000637,W001,FedEx,2026-05-07,2026-05-08,,In Transit,Belgium
SHP000638,ORD000638,W001,PostNL,2026-05-02,2026-05-07,2026-05-08,Delivered,Belgium
SHP000639,ORD000639,W001,DPD,2026-05-13,2026-05-18,2026-05-18,Delivered,Spain
SHP000640,ORD000640,W001,DPD,2026-05-04,2026-05-06,2026-05-09,Delivered,Spain
SHP000641,ORD000641,W001,PostNL,2026-05-13,2026-05-18,2026-05-19,Delivered,France
SHP000642,ORD000642,W001,PostNL,2026-05-11,2026-05-12,,Delayed,Netherlands
SHP000643,ORD000643,W001,DPD,2026-05-06,2026-05-08,2026-05-07,Delivered,France
SHP000644,ORD000644,W001,FedEx,2026-05-07,2026-05-11,,Delayed,Netherlands
SHP000645,ORD000645,W001,PostNL,2026-05-17,2026-05-22,2026-05-21,Delivered,Sweden
SHP000646,ORD000646,W001,DHL,2026-05-16,2026-05-22,2026-05-22,Delivered,Germany
SHP000647,ORD000647,W001,PostNL,2026-05-19,2026-05-25,2026-05-29,Delivered,Sweden
SHP000648,ORD000648,W001,UPS,2026-05-13,2026-05-19,2026-05-19,Delivered,Italy
SHP000649,ORD000649,W001,FedEx,2026-05-14,2026-05-16,,In Transit,Spain
SHP000650,ORD000650,W001,DHL,2026-05-21,2026-05-25,,In Transit,Netherlands
SHP000651,ORD000651,W001,DHL,2026-05-10,2026-05-13,,Lost,Italy
SHP000652,ORD000652,W001,UPS,2026-05-25,2026-05-29,2026-05-30,Delivered,Sweden
SHP000653,ORD000653,W001,DHL,2026-05-15,2026-05-18,2026-05-21,Delivered,France
SHP000654,ORD000654,W001,FedEx,2026-05-13,2026-05-15,2026-05-16,Delivered,Austria
SHP000655,ORD000655,W001,UPS,2026-05-22,2026-05-28,,Lost,Sweden
SHP000656,ORD000656,W001,PostNL,2026-05-13,2026-05-19,,Lost,Spain
SHP000657,ORD000657,W001,DHL,2026-05-26,2026-06-01,,Lost,France
SHP000658,ORD000658,W001,DHL,2026-05-25,2026-05-28,,Lost,France
SHP000659,ORD000659,W001,UPS,2026-05-22,2026-05-27,,In Transit,France
SHP000660,ORD000660,W001,PostNL,2026-05-16,2026-05-22,,Lost,Belgium
SHP000661,ORD000661,W001,DHL,2026-05-26,2026-05-29,2026-05-29,Delivered,Spain
SHP000662,ORD000662,W001,DHL,2026-05-26,2026-05-31,2026-06-01,Delivered,France
SHP000663,ORD000663,W001,FedEx,2026-05-05,2026-05-09,,Delayed,Italy
SHP000664,ORD000664,W001,PostNL,2026-05-20,2026-05-24,,In Transit,Germany
SHP000665,ORD000665,W001,UPS,2026-05-02,2026-05-05,,Lost,Italy
SHP000666,ORD000666,W001,PostNL,2026-05-17,2026-05-18,2026-05-21,Delivered,Spain
SHP000667,ORD000667,W001,FedEx,2026-05-12,2026-05-16,2026-05-15,Delivered,Belgium
SHP000668,ORD000668,W001,PostNL,2026-05-22,2026-05-27,2026-05-27,Delivered,France
SHP000669,ORD000669,W001,FedEx,2026-05-04,2026-05-07,,Lost,France
SHP000670,ORD000670,W001,DPD,2026-05-12,2026-05-13,2026-05-12,Delivered,Austria
SHP000671,ORD000671,W001,PostNL,2026-05-25,2026-05-26,2026-05-25,Delivered,Austria
SHP000672,ORD000672,W001,FedEx,2026-05-05,2026-05-08,2026-05-12,Delivered,Italy
SHP000673,ORD000673,W001,DPD,2026-05-18,2026-05-20,2026-05-24,Delivered,Netherlands
SHP000674,ORD000674,W001,PostNL,2026-05-04,2026-05-09,,Delayed,Belgium
SHP000675,ORD000675,W001,PostNL,2026-05-09,2026-05-12,,In Transit,Sweden
SHP000676,ORD000676,W001,PostNL,2026-05-24,2026-05-26,2026-05-27,Delivered,Germany
SHP000677,ORD000677,W001,FedEx,2026-05-18,2026-05-23,2026-05-23,Delivered,Sweden
SHP000678,ORD000678,W001,FedEx,2026-05-14,2026-05-16,2026-05-18,Delivered,France
SHP000679,ORD000679,W001,UPS,2026-05-26,2026-05-29,,Delayed,Austria
SHP000680,ORD000680,W001,PostNL,2026-05-03,2026-05-05,,Lost,Italy
SHP000681,ORD000681,W001,FedEx,2026-05-23,2026-05-29,,Delayed,Italy
SHP000682,ORD000682,W001,UPS,2026-05-15,2026-05-20,2026-05-20,Delivered,Netherlands
SHP000683,ORD000683,W001,DPD,2026-05-04,2026-05-09,2026-05-09,Delivered,Germany
SHP000684,ORD000684,W001,FedEx,2026-05-24,2026-05-25,,In Transit,Italy
SHP000685,ORD000685,W001,PostNL,2026-05-24,2026-05-30,2026-06-01,Delivered,France
SHP000686,ORD000686,W001,DPD,2026-05-17,2026-05-23,,In Transit,Sweden
SHP000687,ORD000687,W001,UPS,2026-05-03,2026-05-06,,In Transit,Italy
SHP000688,ORD000688,W001,PostNL,2026-05-17,2026-05-22,,Delayed,Netherlands
SHP000689,ORD000689,W001,DPD,2026-05-07,2026-05-09,,Delayed,Italy
SHP000690,ORD000690,W001,FedEx,2026-05-14,2026-05-17,,Lost,Austria
SHP000691,ORD000691,W001,UPS,2026-05-24,2026-05-29,2026-06-01,Delivered,Sweden
SHP000692,ORD000692,W001,PostNL,2026-05-26,2026-06-01,,In Transit,Netherlands
SHP000693,ORD000693,W001,DHL,2026-05-25,2026-05-26,2026-05-29,Delivered,Italy
SHP000694,ORD000694,W001,UPS,2026-05-04,2026-05-07,2026-05-09,Delivered,Netherlands
SHP000695,ORD000695,W001,FedEx,2026-05-24,2026-05-28,2026-05-27,Delivered,Belgium
SHP000696,ORD000696,W001,PostNL,2026-05-09,2026-05-11,2026-05-15,Delivered,Spain
SHP000697,ORD000697,W001,UPS,2026-05-12,2026-05-17,2026-05-18,Delivered,Belgium
SHP000698,ORD000698,W001,FedEx,2026-05-23,2026-05-27,,Delayed,France
SHP000699,ORD000699,W001,DPD,2026-05-03,2026-05-08,2026-05-07,Delivered,Germany
SHP000700,ORD000700,W001,FedEx,2026-05-20,2026-05-22,,In Transit,Italy
SHP000701,ORD000701,W001,FedEx,2026-05-15,2026-05-17,,In Transit,Austria
SHP000702,ORD000702,W001,FedEx,2026-05-16,2026-05-19,,Delayed,France
SHP000703,ORD000703,W001,UPS,2026-05-14,2026-05-19,2026-05-23,Delivered,Spain
SHP000704,ORD000704,W001,DHL,2026-05-14,2026-05-16,2026-05-16,Delivered,Belgium
SHP000705,ORD000705,W001,FedEx,2026-05-10,2026-05-16,,Lost,Germany
SHP000706,ORD000706,W001,DHL,2026-05-07,2026-05-12,,In Transit,Italy
SHP000707,ORD000707,W001,DPD,2026-05-17,2026-05-23,,In Transit,Austria
SHP000708,ORD000708,W001,DPD,2026-05-20,2026-05-21,2026-05-20,Delivered,Austria
SHP000709,ORD000709,W001,DPD,2026-05-20,2026-05-21,2026-05-25,Delivered,Spain
SHP000710,ORD000710,W001,DHL,2026-05-02,2026-05-08,2026-05-07,Delivered,Netherlands
SHP000711,ORD000711,W001,DHL,2026-05-09,2026-05-14,,Delayed,Netherlands
SHP000712,ORD000712,W001,DPD,2026-05-09,2026-05-14,2026-05-13,Delivered,Germany
SHP000713,ORD000713,W001,FedEx,2026-05-02,2026-05-08,,In Transit,Netherlands
SHP000714,ORD000714,W001,UPS,2026-05-15,2026-05-20,,Lost,Germany
SHP000715,ORD000715,W001,DPD,2026-05-04,2026-05-07,,In Transit,Sweden
SHP000716,ORD000716,W001,DPD,2026-05-18,2026-05-23,2026-05-23,Delivered,Sweden
SHP000717,ORD000717,W001,UPS,2026-05-17,2026-05-19,2026-05-19,Delivered,Italy
SHP000718,ORD000718,W001,UPS,2026-05-13,2026-05-16,2026-05-19,Delivered,Netherlands
SHP000719,ORD000719,W001,DHL,2026-05-17,2026-05-20,2026-05-24,Delivered,Italy
SHP000720,ORD000720,W001,DPD,2026-05-24,2026-05-26,2026-05-29,Delivered,Sweden
SHP000721,ORD000721,W001,DPD,2026-05-03,2026-05-04,2026-05-08,Delivered,Austria
SHP000722,ORD000722,W001,DPD,2026-05-09,2026-05-11,2026-05-11,Delivered,Germany
SHP000723,ORD000723,W001,FedEx,2026-05-17,2026-05-23,,Delayed,Italy
SHP000724,ORD000724,W001,DHL,2026-05-18,2026-05-21,,Delayed,Austria
SHP000725,ORD000725,W001,DHL,2026-05-18,2026-05-20,2026-05-20,Delivered,Spain
SHP000726,ORD000726,W001,DHL,2026-05-02,2026-05-08,,In Transit,Spain
SHP000727,ORD000727,W001,DHL,2026-05-07,2026-05-12,2026-05-12,Delivered,France
SHP000728,ORD000728,W001,PostNL,2026-05-22,2026-05-24,,In Transit,Netherlands
SHP000729,ORD000729,W001,UPS,2026-05-07,2026-05-10,,In Transit,Austria
SHP000730,ORD000730,W001,DHL,2026-05-13,2026-05-19,2026-05-22,Delivered,Germany
SHP000731,ORD000731,W001,DPD,2026-05-10,2026-05-12,2026-05-13,Delivered,Germany
SHP000732,ORD000732,W001,FedEx,2026-05-23,2026-05-29,2026-05-31,Delivered,Belgium
SHP000733,ORD000733,W001,PostNL,2026-05-08,2026-05-10,2026-05-14,Delivered,France
SHP000734,ORD000734,W001,DHL,2026-05-03,2026-05-06,2026-05-10,Delivered,Belgium
SHP000735,ORD000735,W001,DHL,2026-05-25,2026-05-27,,Lost,France
SHP000736,ORD000736,W001,PostNL,2026-05-04,2026-05-10,2026-05-09,Delivered,Belgium
SHP000737,ORD000737,W001,FedEx,2026-05-04,2026-05-06,,Lost,Austria
SHP000738,ORD000738,W001,UPS,2026-05-06,2026-05-07,2026-05-08,Delivered,France
SHP000739,ORD000739,W001,PostNL,2026-05-08,2026-05-12,,Lost,Spain
SHP000740,ORD000740,W001,DPD,2026-05-13,2026-05-15,,Delayed,Spain
SHP000741,ORD000741,W001,DPD,2026-05-04,2026-05-05,2026-05-09,Delivered,France
SHP000742,ORD000742,W001,PostNL,2026-05-06,2026-05-09,,Delayed,Spain
SHP000743,ORD000743,W001,UPS,2026-05-11,2026-05-14,,In Transit,Italy
SHP000744,ORD000744,W001,PostNL,2026-05-05,2026-05-10,2026-05-14,Delivered,Belgium
SHP000745,ORD000745,W001,FedEx,2026-05-02,2026-05-07,2026-05-08,Delivered,Netherlands
SHP000746,ORD000746,W001,FedEx,2026-05-23,2026-05-27,,Delayed,Belgium
SHP000747,ORD000747,W001,DPD,2026-05-04,2026-05-05,2026-05-05,Delivered,Spain
SHP000748,ORD000748,W001,UPS,2026-05-04,2026-05-06,2026-05-08,Delivered,Belgium
SHP000749,ORD000749,W001,DPD,2026-05-14,2026-05-17,2026-05-21,Delivered,Austria
SHP000750,ORD000750,W001,UPS,2026-05-05,2026-05-07,2026-05-09,Delivered,France
SHP000751,ORD000751,W001,UPS,2026-05-09,2026-05-10,2026-05-14,Delivered,France
SHP000752,ORD000752,W001,FedEx,2026-05-15,2026-05-17,,Lost,Italy
SHP000753,ORD000753,W001,UPS,2026-05-10,2026-05-13,,In Transit,France
SHP000754,ORD000754,W001,UPS,2026-05-23,2026-05-27,,Lost,Austria
SHP000755,ORD000755,W001,FedEx,2026-05-23,2026-05-26,,Delayed,Belgium
SHP000756,ORD000756,W001,FedEx,2026-05-13,2026-05-16,2026-05-17,Delivered,France
SHP000757,ORD000757,W001,FedEx,2026-05-14,2026-05-17,,Delayed,Sweden
SHP000758,ORD000758,W001,UPS,2026-05-18,2026-05-24,,Delayed,France
SHP000759,ORD000759,W001,DPD,2026-05-21,2026-05-26,2026-05-30,Delivered,Netherlands
SHP000760,ORD000760,W001,FedEx,2026-05-11,2026-05-15,2026-05-15,Delivered,Spain
SHP000761,ORD000761,W001,PostNL,2026-05-24,2026-05-27,2026-05-27,Delivered,Germany
SHP000762,ORD000762,W001,PostNL,2026-05-04,2026-05-09,,Delayed,Italy
SHP000763,ORD000763,W001,DPD,2026-05-13,2026-05-14,2026-05-14,Delivered,Italy
SHP000764,ORD000764,W001,DHL,2026-05-03,2026-05-07,,In Transit,Austria
SHP000765,ORD000765,W001,DHL,2026-05-23,2026-05-25,2026-05-28,Delivered,Netherlands
SHP000766,ORD000766,W001,DHL,2026-05-25,2026-05-27,,Delayed,Netherlands
SHP000767,ORD000767,W001,PostNL,2026-05-25,2026-05-29,,Delayed,Austria
SHP000768,ORD000768,W001,UPS,2026-05-16,2026-05-20,,In Transit,Netherlands
SHP000769,ORD000769,W001,UPS,2026-05-17,2026-05-23,2026-05-24,Delivered,Austria
SHP000770,ORD000770,W001,FedEx,2026-05-07,2026-05-13,,In Transit,Germany
SHP000771,ORD000771,W001,FedEx,2026-05-09,2026-05-14,,Lost,Germany
SHP000772,ORD000772,W001,UPS,2026-05-13,2026-05-16,2026-05-17,Delivered,Spain
SHP000773,ORD000773,W001,PostNL,2026-05-24,2026-05-25,2026-05-25,Delivered,Spain
SHP000774,ORD000774,W001,PostNL,2026-05-19,2026-05-24,,Lost,Spain
SHP000775,ORD000775,W001,UPS,2026-05-03,2026-05-06,,Lost,Italy
SHP000776,ORD000776,W001,DHL,2026-05-12,2026-05-17,2026-05-20,Delivered,Belgium
SHP000777,ORD000777,W001,DPD,2026-05-24,2026-05-29,2026-06-02,Delivered,Italy
SHP000778,ORD000778,W001,DPD,2026-05-18,2026-05-21,2026-05-23,Delivered,Italy
SHP000779,ORD000779,W001,DHL,2026-05-08,2026-05-13,,Delayed,France
SHP000780,ORD000780,W001,UPS,2026-05-11,2026-05-14,,In Transit,Belgium
SHP000781,ORD000781,W001,PostNL,2026-05-21,2026-05-27,2026-05-30,Delivered,Netherlands
SHP000782,ORD000782,W001,UPS,2026-05-05,2026-05-07,,Lost,Spain
SHP000783,ORD000783,W001,DHL,2026-05-19,2026-05-21,2026-05-24,Delivered,Italy
SHP000784,ORD000784,W001,DHL,2026-05-11,2026-05-16,2026-05-16,Delivered,Austria
SHP000785,ORD000785,W001,PostNL,2026-05-04,2026-05-06,,Delayed,Germany
SHP000786,ORD000786,W001,DHL,2026-05-10,2026-05-14,,Delayed,Sweden
SHP000787,ORD000787,W001,UPS,2026-05-12,2026-05-14,,Delayed,Sweden
SHP000788,ORD000788,W001,UPS,2026-05-11,2026-05-12,,Lost,Belgium
SHP000789,ORD000789,W001,FedEx,2026-05-05,2026-05-10,,Lost,Sweden
SHP000790,ORD000790,W001,DHL,2026-05-09,2026-05-12,2026-05-12,Delivered,France
SHP000791,ORD000791,W001,DHL,2026-05-25,2026-05-31,,Lost,Belgium
SHP000792,ORD000792,W001,UPS,2026-05-14,2026-05-16,2026-05-19,Delivered,Germany
SHP000793,ORD000793,W001,UPS,2026-05-17,2026-05-20,,In Transit,Austria
SHP000794,ORD000794,W001,FedEx,2026-05-09,2026-05-15,,Delayed,Belgium
SHP000795,ORD000795,W001,UPS,2026-05-18,2026-05-23,,Delayed,Italy
SHP000796,ORD000796,W001,UPS,2026-05-23,2026-05-25,2026-05-28,Delivered,France
SHP000797,ORD000797,W001,DPD,2026-05-07,2026-05-13,,Lost,France
SHP000798,ORD000798,W001,DHL,2026-05-06,2026-05-12,2026-05-15,Delivered,Netherlands
SHP000799,ORD000799,W001,DHL,2026-05-14,2026-05-16,2026-05-18,Delivered,Belgium
SHP000800,ORD000800,W001,DHL,2026-05-16,2026-05-18,2026-05-19,Delivered,Austria
SHP000801,ORD000801,W001,UPS,2026-05-12,2026-05-14,2026-05-18,Delivered,Austria
SHP000802,ORD000802,W001,FedEx,2026-05-07,2026-05-10,,Delayed,France
SHP000803,ORD000803,W001,DPD,2026-05-17,2026-05-18,,In Transit,Germany
SHP000804,ORD000804,W001,DPD,2026-05-11,2026-05-17,2026-05-19,Delivered,France
SHP000805,ORD000805,W001,FedEx,2026-05-16,2026-05-17,2026-05-19,Delivered,Sweden
SHP000806,ORD000806,W001,FedEx,2026-05-09,2026-05-12,,Lost,Belgium
SHP000807,ORD000807,W001,DHL,2026-05-13,2026-05-16,2026-05-15,Delivered,Spain
SHP000808,ORD000808,W001,UPS,2026-05-18,2026-05-21,2026-05-22,Delivered,Sweden
SHP000809,ORD000809,W001,UPS,2026-05-21,2026-05-25,2026-05-27,Delivered,Sweden
SHP000810,ORD000810,W001,UPS,2026-05-04,2026-05-10,,Lost,Germany
SHP000811,ORD000811,W001,DPD,2026-05-10,2026-05-15,2026-05-18,Delivered,Spain
SHP000812,ORD000812,W001,DHL,2026-05-21,2026-05-24,2026-05-24,Delivered,France
SHP000813,ORD000813,W001,FedEx,2026-05-23,2026-05-24,,Lost,Spain
SHP000814,ORD000814,W001,PostNL,2026-05-20,2026-05-26,2026-05-29,Delivered,Italy
SHP000815,ORD000815,W001,FedEx,2026-05-22,2026-05-28,2026-05-30,Delivered,Austria
SHP000816,ORD000816,W001,DHL,2026-05-15,2026-05-16,,Delayed,Austria
SHP000817,ORD000817,W001,UPS,2026-05-12,2026-05-13,2026-05-13,Delivered,Germany
SHP000818,ORD000818,W001,DHL,2026-05-23,2026-05-26,,Lost,Germany
SHP000819,ORD000819,W001,UPS,2026-05-11,2026-05-14,2026-05-14,Delivered,Belgium
SHP000820,ORD000820,W001,UPS,2026-05-10,2026-05-12,,In Transit,Sweden
SHP000821,ORD000821,W001,UPS,2026-05-19,2026-05-20,,Lost,Netherlands
SHP000822,ORD000822,W001,UPS,2026-05-09,2026-05-10,,Lost,France
SHP000823,ORD000823,W001,PostNL,2026-05-26,2026-05-31,2026-06-01,Delivered,Germany
SHP000824,ORD000824,W001,DHL,2026-05-04,2026-05-09,,Lost,France
SHP000825,ORD000825,W001,UPS,2026-05-16,2026-05-21,2026-05-21,Delivered,Austria
SHP000826,ORD000826,W001,DPD,2026-05-08,2026-05-14,2026-05-14,Delivered,Sweden
SHP000827,ORD000827,W001,PostNL,2026-05-23,2026-05-25,2026-05-26,Delivered,Spain
SHP000828,ORD000828,W001,DPD,2026-05-02,2026-05-04,2026-05-08,Delivered,Italy
SHP000829,ORD000829,W001,DHL,2026-05-02,2026-05-05,,In Transit,Austria
SHP000830,ORD000830,W001,UPS,2026-05-12,2026-05-13,2026-05-15,Delivered,Belgium
SHP000831,ORD000831,W001,DHL,2026-05-12,2026-05-14,,Delayed,Austria
SHP000832,ORD000832,W001,DPD,2026-05-06,2026-05-07,,Lost,Germany
SHP000833,ORD000833,W001,DPD,2026-05-15,2026-05-17,2026-05-18,Delivered,Spain
SHP000834,ORD000834,W001,UPS,2026-05-10,2026-05-12,2026-05-11,Delivered,Italy
SHP000835,ORD000835,W001,PostNL,2026-05-20,2026-05-22,,Delayed,Belgium
SHP000836,ORD000836,W001,UPS,2026-05-20,2026-05-25,2026-05-28,Delivered,Spain
SHP000837,ORD000837,W001,FedEx,2026-05-06,2026-05-11,2026-05-13,Delivered,Belgium
SHP000838,ORD000838,W001,DPD,2026-05-02,2026-05-06,,In Transit,Italy
SHP000839,ORD000839,W001,FedEx,2026-05-02,2026-05-05,,In Transit,Belgium
SHP000840,ORD000840,W001,FedEx,2026-05-14,2026-05-18,2026-05-22,Delivered,Belgium
SHP000841,ORD000841,W001,UPS,2026-05-15,2026-05-21,2026-05-25,Delivered,Austria
SHP000842,ORD000842,W001,DPD,2026-05-08,2026-05-10,,Lost,Austria
SHP000843,ORD000843,W001,FedEx,2026-05-26,2026-05-27,2026-05-28,Delivered,Germany
SHP000844,ORD000844,W001,DHL,2026-05-21,2026-05-25,,Delayed,France
SHP000845,ORD000845,W001,PostNL,2026-05-06,2026-05-07,2026-05-10,Delivered,Spain
SHP000846,ORD000846,W001,DHL,2026-05-24,2026-05-28,,Lost,Italy
SHP000847,ORD000847,W001,DPD,2026-05-08,2026-05-14,2026-05-18,Delivered,Spain
SHP000848,ORD000848,W001,DHL,2026-05-25,2026-05-28,,Delayed,Germany
SHP000849,ORD000849,W001,DPD,2026-05-25,2026-05-30,2026-06-01,Delivered,Spain
SHP000850,ORD000850,W001,FedEx,2026-05-14,2026-05-19,2026-05-23,Delivered,Spain
SHP000851,ORD000851,W001,DHL,2026-05-20,2026-05-26,2026-05-29,Delivered,Belgium
SHP000852,ORD000852,W001,DHL,2026-05-19,2026-05-23,2026-05-25,Delivered,Spain
SHP000853,ORD000853,W001,DHL,2026-05-16,2026-05-21,2026-05-20,Delivered,Sweden
SHP000854,ORD000854,W001,DPD,2026-05-07,2026-05-09,2026-05-12,Delivered,Netherlands
SHP000855,ORD000855,W001,DHL,2026-05-17,2026-05-22,2026-05-21,Delivered,Sweden
SHP000856,ORD000856,W001,DHL,2026-05-14,2026-05-20,2026-05-21,Delivered,Austria
SHP000857,ORD000857,W001,PostNL,2026-05-14,2026-05-15,,Delayed,Italy
SHP000858,ORD000858,W001,PostNL,2026-05-16,2026-05-21,2026-05-24,Delivered,Sweden
SHP000859,ORD000859,W001,DPD,2026-05-23,2026-05-25,,In Transit,Spain
SHP000860,ORD000860,W001,DPD,2026-05-15,2026-05-20,,In Transit,France
SHP000861,ORD000861,W001,FedEx,2026-05-05,2026-05-11,2026-05-15,Delivered,France
SHP000862,ORD000862,W001,DPD,2026-05-21,2026-05-26,2026-05-27,Delivered,Sweden
SHP000863,ORD000863,W001,DPD,2026-05-16,2026-05-17,2026-05-20,Delivered,Sweden
SHP000864,ORD000864,W001,DHL,2026-05-13,2026-05-16,,Delayed,Belgium
SHP000865,ORD000865,W001,DHL,2026-05-02,2026-05-03,,Delayed,France
SHP000866,ORD000866,W001,DPD,2026-05-10,2026-05-15,2026-05-19,Delivered,Germany
SHP000867,ORD000867,W001,DPD,2026-05-24,2026-05-28,2026-05-30,Delivered,Belgium
SHP000868,ORD000868,W001,DPD,2026-05-07,2026-05-12,,Delayed,Sweden
SHP000869,ORD000869,W001,PostNL,2026-05-21,2026-05-26,2026-05-30,Delivered,Netherlands
SHP000870,ORD000870,W001,UPS,2026-05-11,2026-05-17,2026-05-16,Delivered,Italy
SHP000871,ORD000871,W001,UPS,2026-05-15,2026-05-19,2026-05-18,Delivered,Italy
SHP000872,ORD000872,W001,PostNL,2026-05-07,2026-05-09,,In Transit,Netherlands
SHP000873,ORD000873,W001,DPD,2026-05-26,2026-05-27,2026-05-30,Delivered,Austria
SHP000874,ORD000874,W001,DHL,2026-05-11,2026-05-17,,Delayed,Belgium
SHP000875,ORD000875,W001,UPS,2026-05-26,2026-05-28,,In Transit,Spain
SHP000876,ORD000876,W001,PostNL,2026-05-10,2026-05-15,,Lost,Austria
SHP000877,ORD000877,W001,PostNL,2026-05-04,2026-05-10,,Lost,Sweden
SHP000878,ORD000878,W001,PostNL,2026-05-10,2026-05-14,,In Transit,Spain
SHP000879,ORD000879,W001,DHL,2026-05-05,2026-05-06,,Lost,Germany
SHP000880,ORD000880,W001,UPS,2026-05-16,2026-05-20,,Lost,Sweden
SHP000881,ORD000881,W001,DPD,2026-05-18,2026-05-21,2026-05-21,Delivered,Germany
SHP000882,ORD000882,W001,DPD,2026-05-18,2026-05-23,2026-05-24,Delivered,Sweden
SHP000883,ORD000883,W001,PostNL,2026-05-21,2026-05-22,2026-05-25,Delivered,Belgium
SHP000884,ORD000884,W001,DPD,2026-05-17,2026-05-23,2026-05-24,Delivered,Spain
SHP000885,ORD000885,W001,DHL,2026-05-26,2026-05-30,2026-06-03,Delivered,Belgium
SHP000886,ORD000886,W001,DPD,2026-05-21,2026-05-23,2026-05-25,Delivered,France
SHP000887,ORD000887,W001,DPD,2026-05-26,2026-05-28,,Lost,France
SHP000888,ORD000888,W001,UPS,2026-05-23,2026-05-29,,In Transit,Austria
SHP000889,ORD000889,W001,FedEx,2026-05-14,2026-05-17,2026-05-16,Delivered,Germany
SHP000890,ORD000890,W001,DPD,2026-05-19,2026-05-20,2026-05-20,Delivered,Austria
SHP000891,ORD000891,W001,DPD,2026-05-23,2026-05-29,,In Transit,Germany
SHP000892,ORD000892,W001,UPS,2026-05-24,2026-05-29,,Lost,Austria
SHP000893,ORD000893,W001,PostNL,2026-05-15,2026-05-17,,In Transit,France
SHP000894,ORD000894,W001,PostNL,2026-05-18,2026-05-23,2026-05-23,Delivered,Spain
SHP000895,ORD000895,W001,FedEx,2026-05-23,2026-05-26,2026-05-26,Delivered,Netherlands
SHP000896,ORD000896,W001,PostNL,2026-05-24,2026-05-28,2026-05-27,Delivered,Austria
SHP000897,ORD000897,W001,UPS,2026-05-23,2026-05-26,,Lost,Italy
SHP000898,ORD000898,W001,PostNL,2026-05-17,2026-05-18,2026-05-21,Delivered,Germany
SHP000899,ORD000899,W001,DPD,2026-05-23,2026-05-26,,Delayed,Germany
SHP000900,ORD000900,W001,DPD,2026-05-06,2026-05-10,,Lost,France
SHP000901,ORD000901,W001,FedEx,2026-05-05,2026-05-08,,Lost,Netherlands
SHP000902,ORD000902,W001,UPS,2026-05-18,2026-05-23,,Lost,Sweden
SHP000903,ORD000903,W001,DPD,2026-05-11,2026-05-15,,In Transit,France
SHP000904,ORD000904,W001,DPD,2026-05-26,2026-05-28,,In Transit,France
SHP000905,ORD000905,W001,DPD,2026-05-06,2026-05-11,2026-05-10,Delivered,France
SHP000906,ORD000906,W001,DPD,2026-05-21,2026-05-24,,Delayed,Austria
SHP000907,ORD000907,W001,FedEx,2026-05-17,2026-05-22,,In Transit,Sweden
SHP000908,ORD000908,W001,DPD,2026-05-05,2026-05-08,,Lost,Spain
SHP000909,ORD000909,W001,FedEx,2026-05-05,2026-05-10,,In Transit,France
SHP000910,ORD000910,W001,UPS,2026-05-06,2026-05-09,,Lost,Belgium
SHP000911,ORD000911,W001,PostNL,2026-05-02,2026-05-04,,In Transit,Belgium
SHP000912,ORD000912,W001,PostNL,2026-05-19,2026-05-23,,In Transit,France
SHP000913,ORD000913,W001,FedEx,2026-05-08,2026-05-09,2026-05-11,Delivered,Austria
SHP000914,ORD000914,W001,FedEx,2026-05-09,2026-05-11,,Delayed,Netherlands
SHP000915,ORD000915,W001,UPS,2026-05-09,2026-05-10,,Delayed,Spain
SHP000916,ORD000916,W001,PostNL,2026-05-11,2026-05-12,2026-05-15,Delivered,Belgium
SHP000917,ORD000917,W001,DPD,2026-05-07,2026-05-13,,Lost,Italy
SHP000918,ORD000918,W001,DHL,2026-05-07,2026-05-11,2026-05-12,Delivered,France
SHP000919,ORD000919,W001,PostNL,2026-05-15,2026-05-17,,In Transit,Sweden
SHP000920,ORD000920,W001,UPS,2026-05-18,2026-05-23,2026-05-22,Delivered,France
SHP000921,ORD000921,W001,UPS,2026-05-03,2026-05-04,2026-05-06,Delivered,Italy
SHP000922,ORD000922,W001,DPD,2026-05-03,2026-05-05,,In Transit,Sweden
SHP000923,ORD000923,W001,FedEx,2026-05-09,2026-05-15,,Lost,Austria
SHP000924,ORD000924,W001,PostNL,2026-05-21,2026-05-27,2026-05-29,Delivered,Spain
SHP000925,ORD000925,W001,FedEx,2026-05-25,2026-05-30,,Delayed,France
SHP000926,ORD000926,W001,PostNL,2026-05-20,2026-05-23,,In Transit,Germany
SHP000927,ORD000927,W001,DPD,2026-05-06,2026-05-11,,Lost,France
SHP000928,ORD000928,W001,PostNL,2026-05-05,2026-05-06,2026-05-10,Delivered,France
SHP000929,ORD000929,W001,DHL,2026-05-08,2026-05-13,2026-05-16,Delivered,Belgium
SHP000930,ORD000930,W001,FedEx,2026-05-16,2026-05-19,,Lost,Sweden
SHP000931,ORD000931,W001,DHL,2026-05-14,2026-05-15,,Delayed,Netherlands
SHP000932,ORD000932,W001,FedEx,2026-05-06,2026-05-07,,Lost,Spain
SHP000933,ORD000933,W001,FedEx,2026-05-13,2026-05-14,,Lost,Germany
SHP000934,ORD000934,W001,DHL,2026-05-10,2026-05-15,,Delayed,France
SHP000935,ORD000935,W001,PostNL,2026-05-10,2026-05-15,,Delayed,Austria
SHP000936,ORD000936,W001,FedEx,2026-05-22,2026-05-25,2026-05-27,Delivered,Sweden
SHP000937,ORD000937,W001,DPD,2026-05-19,2026-05-23,,Lost,Italy
SHP000938,ORD000938,W001,DPD,2026-05-04,2026-05-07,,Lost,Germany
SHP000939,ORD000939,W001,UPS,2026-05-18,2026-05-20,2026-05-22,Delivered,Spain
SHP000940,ORD000940,W001,UPS,2026-05-16,2026-05-18,,Lost,Spain
SHP000941,ORD000941,W001,DHL,2026-05-11,2026-05-12,2026-05-14,Delivered,Germany
SHP000942,ORD000942,W001,FedEx,2026-05-18,2026-05-24,2026-05-26,Delivered,Germany
SHP000943,ORD000943,W001,UPS,2026-05-13,2026-05-14,,Lost,France
SHP000944,ORD000944,W001,PostNL,2026-05-26,2026-06-01,2026-06-01,Delivered,France
SHP000945,ORD000945,W001,DPD,2026-05-23,2026-05-29,2026-05-30,Delivered,France
SHP000946,ORD000946,W001,UPS,2026-05-07,2026-05-13,,In Transit,France
SHP000947,ORD000947,W001,DHL,2026-05-25,2026-05-29,,Lost,Belgium
SHP000948,ORD000948,W001,DHL,2026-05-22,2026-05-27,,Delayed,Austria
SHP000949,ORD000949,W001,FedEx,2026-05-21,2026-05-22,2026-05-22,Delivered,Italy
SHP000950,ORD000950,W001,DPD,2026-05-05,2026-05-11,2026-05-12,Delivered,Belgium
SHP000951,ORD000951,W001,DHL,2026-05-02,2026-05-08,2026-05-09,Delivered,Belgium
SHP000952,ORD000952,W001,PostNL,2026-05-24,2026-05-28,,Delayed,Spain
SHP000953,ORD000953,W001,FedEx,2026-05-21,2026-05-27,2026-05-29,Delivered,Spain
SHP000954,ORD000954,W001,DHL,2026-05-21,2026-05-22,,Delayed,France
SHP000955,ORD000955,W001,DPD,2026-05-22,2026-05-28,2026-06-01,Delivered,Belgium
SHP000956,ORD000956,W001,FedEx,2026-05-22,2026-05-25,,Delayed,Spain
SHP000957,ORD000957,W001,FedEx,2026-05-04,2026-05-08,2026-05-10,Delivered,France
SHP000958,ORD000958,W001,DPD,2026-05-17,2026-05-19,2026-05-23,Delivered,Germany
SHP000959,ORD000959,W001,DPD,2026-05-07,2026-05-08,2026-05-09,Delivered,Austria
SHP000960,ORD000960,W001,DHL,2026-05-25,2026-05-27,,Delayed,France
SHP000961,ORD000961,W001,FedEx,2026-05-14,2026-05-20,,Delayed,Austria
SHP000962,ORD000962,W001,DPD,2026-05-18,2026-05-20,2026-05-24,Delivered,Italy
SHP000963,ORD000963,W001,UPS,2026-05-19,2026-05-24,,Lost,Austria
SHP000964,ORD000964,W001,PostNL,2026-05-04,2026-05-08,2026-05-10,Delivered,Netherlands
SHP000965,ORD000965,W001,DHL,2026-05-04,2026-05-09,,Delayed,France
SHP000966,ORD000966,W001,DHL,2026-05-08,2026-05-11,2026-05-12,Delivered,Germany
SHP000967,ORD000967,W001,DHL,2026-05-22,2026-05-25,,Delayed,France
SHP000968,ORD000968,W001,UPS,2026-05-13,2026-05-14,2026-05-18,Delivered,Italy
SHP000969,ORD000969,W001,DPD,2026-05-20,2026-05-25,2026-05-28,Delivered,Germany
SHP000970,ORD000970,W001,FedEx,2026-05-08,2026-05-09,,Lost,Belgium
SHP000971,ORD000971,W001,PostNL,2026-05-11,2026-05-15,,Lost,Italy
SHP000972,ORD000972,W001,DPD,2026-05-26,2026-05-28,,Delayed,Austria
SHP000973,ORD000973,W001,UPS,2026-05-08,2026-05-09,,In Transit,Austria
SHP000974,ORD000974,W001,DPD,2026-05-16,2026-05-18,2026-05-17,Delivered,Sweden
SHP000975,ORD000975,W001,UPS,2026-05-20,2026-05-21,2026-05-20,Delivered,Sweden
SHP000976,ORD000976,W001,DPD,2026-05-02,2026-05-07,,Lost,Germany
SHP000977,ORD000977,W001,DPD,2026-05-20,2026-05-21,2026-05-25,Delivered,Sweden
SHP000978,ORD000978,W001,PostNL,2026-05-26,2026-05-30,,In Transit,Italy
SHP000979,ORD000979,W001,DPD,2026-05-03,2026-05-05,,Delayed,Spain
SHP000980,ORD000980,W001,FedEx,2026-05-10,2026-05-13,2026-05-13,Delivered,Netherlands
SHP000981,ORD000981,W001,DPD,2026-05-04,2026-05-09,2026-05-13,Delivered,Germany
SHP000982,ORD000982,W001,PostNL,2026-05-03,2026-05-05,,Lost,Netherlands
SHP000983,ORD000983,W001,FedEx,2026-05-22,2026-05-27,,Delayed,Belgium
SHP000984,ORD000984,W001,PostNL,2026-05-04,2026-05-05,2026-05-04,Delivered,Netherlands
SHP000985,ORD000985,W001,DHL,2026-05-14,2026-05-19,,In Transit,France
SHP000986,ORD000986,W001,FedEx,2026-05-25,2026-05-28,,In Transit,Spain
SHP000987,ORD000987,W001,UPS,2026-05-10,2026-05-13,,Delayed,France
SHP000988,ORD000988,W001,DPD,2026-05-23,2026-05-28,,Delayed,Netherlands
SHP000989,ORD000989,W001,PostNL,2026-05-13,2026-05-16,,In Transit,Germany
SHP000990,ORD000990,W001,FedEx,2026-05-05,2026-05-11,2026-05-11,Delivered,Germany
SHP000991,ORD000991,W001,PostNL,2026-05-08,2026-05-13,2026-05-17,Delivered,Sweden
SHP000992,ORD000992,W001,UPS,2026-05-06,2026-05-08,,Delayed,Netherlands
SHP000993,ORD000993,W001,FedEx,2026-05-10,2026-05-15,,Lost,Germany
SHP000994,ORD000994,W001,UPS,2026-05-13,2026-05-14,2026-05-18,Delivered,Belgium
SHP000995,ORD000995,W001,UPS,2026-05-13,2026-05-18,,Delayed,Germany
SHP000996,ORD000996,W001,DPD,2026-05-25,2026-05-31,,In Transit,Germany
SHP000997,ORD000997,W001,FedEx,2026-05-04,2026-05-08,,Delayed,Netherlands
SHP000998,ORD000998,W001,UPS,2026-05-12,2026-05-18,,Lost,France
SHP000999,ORD000999,W001,DHL,2026-05-14,2026-05-19,,Lost,Belgium
SHP001000,ORD001000,W001,PostNL,2026-05-06,2026-05-11,,Delayed,Belgium
SHP001001,ORD001001,W001,UPS,2026-05-11,2026-05-14,2026-05-15,Delivered,Netherlands
SHP001002,ORD001002,W001,PostNL,2026-05-16,2026-05-19,,In Transit,France
SHP001003,ORD001003,W001,PostNL,2026-05-12,2026-05-16,,Delayed,Netherlands
SHP001004,ORD001004,W001,FedEx,2026-05-20,2026-05-25,2026-05-24,Delivered,Belgium
SHP001005,ORD001005,W001,UPS,2026-05-11,2026-05-14,,Lost,Italy
SHP001006,ORD001006,W001,UPS,2026-05-25,2026-05-30,,Delayed,Belgium
SHP001007,ORD001007,W001,DPD,2026-05-24,2026-05-27,,Lost,Italy
SHP001008,ORD001008,W001,DHL,2026-05-22,2026-05-24,,Lost,Spain
SHP001009,ORD001009,W001,DPD,2026-05-13,2026-05-17,2026-05-20,Delivered,Sweden
SHP001010,ORD001010,W001,UPS,2026-05-24,2026-05-25,,In Transit,Germany
SHP001011,ORD001011,W001,UPS,2026-05-11,2026-05-17,2026-05-21,Delivered,Belgium
SHP001012,ORD001012,W001,FedEx,2026-05-04,2026-05-05,,In Transit,Germany
SHP001013,ORD001013,W001,FedEx,2026-05-09,2026-05-11,,In Transit,Germany
SHP001014,ORD001014,W001,DHL,2026-05-02,2026-05-03,2026-05-04,Delivered,Italy
SHP001015,ORD001015,W001,DPD,2026-05-04,2026-05-05,,Delayed,Spain
SHP001016,ORD001016,W001,DHL,2026-05-23,2026-05-26,,Delayed,Spain
SHP001017,ORD001017,W001,DHL,2026-05-21,2026-05-25,,In Transit,Belgium
SHP001018,ORD001018,W001,PostNL,2026-05-11,2026-05-13,,Delayed,Belgium
SHP001019,ORD001019,W001,DPD,2026-05-10,2026-05-14,,In Transit,Spain
SHP001020,ORD001020,W001,DPD,2026-05-17,2026-05-18,,In Transit,Sweden
SHP001021,ORD001021,W001,DHL,2026-05-12,2026-05-14,2026-05-13,Delivered,Sweden
SHP001022,ORD001022,W001,FedEx,2026-05-02,2026-05-05,,Delayed,Spain
SHP001023,ORD001023,W001,DHL,2026-05-03,2026-05-05,,Delayed,Austria
SHP001024,ORD001024,W001,PostNL,2026-05-15,2026-05-19,2026-05-22,Delivered,Sweden
SHP001025,ORD001025,W001,UPS,2026-05-15,2026-05-20,2026-05-21,Delivered,Italy
SHP001026,ORD001026,W001,DPD,2026-05-14,2026-05-19,2026-05-18,Delivered,Spain
SHP001027,ORD001027,W001,UPS,2026-05-07,2026-05-10,2026-05-11,Delivered,Spain
SHP001028,ORD001028,W001,DPD,2026-05-24,2026-05-28,2026-05-27,Delivered,Spain
SHP001029,ORD001029,W001,UPS,2026-05-17,2026-05-23,,Lost,France
SHP001030,ORD001030,W001,DHL,2026-05-12,2026-05-14,,In Transit,Italy
SHP001031,ORD001031,W001,PostNL,2026-05-06,2026-05-10,2026-05-10,Delivered,Spain
SHP001032,ORD001032,W001,UPS,2026-05-07,2026-05-10,,Delayed,Italy
SHP001033,ORD001033,W001,PostNL,2026-05-02,2026-05-05,,Delayed,Netherlands
SHP001034,ORD001034,W001,DHL,2026-05-26,2026-05-28,,Lost,Netherlands
SHP001035,ORD001035,W001,PostNL,2026-05-19,2026-05-22,2026-05-21,Delivered,Sweden
SHP001036,ORD001036,W001,DPD,2026-05-10,2026-05-12,2026-05-16,Delivered,Belgium
SHP001037,ORD001037,W001,DHL,2026-05-21,2026-05-25,2026-05-25,Delivered,France
SHP001038,ORD001038,W001,DHL,2026-05-26,2026-05-27,,In Transit,Spain
SHP001039,ORD001039,W001,DHL,2026-05-26,2026-05-27,,Lost,Spain
SHP001040,ORD001040,W001,DHL,2026-05-05,2026-05-07,2026-05-09,Delivered,France
SHP001041,ORD001041,W001,DPD,2026-05-04,2026-05-08,,In Transit,Belgium
SHP001042,ORD001042,W001,PostNL,2026-05-09,2026-05-10,,Delayed,Sweden
SHP001043,ORD001043,W001,UPS,2026-05-12,2026-05-13,2026-05-16,Delivered,France
SHP001044,ORD001044,W001,FedEx,2026-05-03,2026-05-08,,In Transit,France
SHP001045,ORD001045,W001,DHL,2026-05-20,2026-05-26,,In Transit,Belgium
SHP001046,ORD001046,W001,DPD,2026-05-15,2026-05-16,,Delayed,Germany
SHP001047,ORD001047,W001,DHL,2026-05-19,2026-05-20,2026-05-23,Delivered,Italy
SHP001048,ORD001048,W001,FedEx,2026-05-05,2026-05-08,,Lost,Belgium
SHP001049,ORD001049,W001,DHL,2026-05-10,2026-05-15,,In Transit,Italy
SHP001050,ORD001050,W001,UPS,2026-05-04,2026-05-05,,Lost,Italy
SHP001051,ORD001051,W001,FedEx,2026-05-24,2026-05-28,2026-05-28,Delivered,Sweden
SHP001052,ORD001052,W001,UPS,2026-05-06,2026-05-12,,In Transit,France
SHP001053,ORD001053,W001,DHL,2026-05-07,2026-05-11,,Lost,Austria
SHP001054,ORD001054,W001,UPS,2026-05-02,2026-05-07,2026-05-11,Delivered,Netherlands
SHP001055,ORD001055,W001,PostNL,2026-05-23,2026-05-28,2026-06-01,Delivered,Germany
SHP001056,ORD001056,W001,PostNL,2026-05-05,2026-05-07,2026-05-08,Delivered,Italy
SHP001057,ORD001057,W001,DHL,2026-05-08,2026-05-12,,Lost,Spain
SHP001058,ORD001058,W001,UPS,2026-05-24,2026-05-28,2026-05-29,Delivered,Spain
SHP001059,ORD001059,W001,FedEx,2026-05-15,2026-05-17,2026-05-17,Delivered,Sweden
SHP001060,ORD001060,W001,DHL,2026-05-12,2026-05-13,2026-05-12,Delivered,Germany
SHP001061,ORD001061,W001,PostNL,2026-05-13,2026-05-19,,In Transit,Austria
SHP001062,ORD001062,W001,PostNL,2026-05-21,2026-05-22,,Delayed,Belgium
SHP001063,ORD001063,W001,FedEx,2026-05-02,2026-05-04,2026-05-06,Delivered,Germany
SHP001064,ORD001064,W001,UPS,2026-05-21,2026-05-24,,In Transit,Netherlands
SHP001065,ORD001065,W001,DHL,2026-05-15,2026-05-17,,In Transit,Austria
SHP001066,ORD001066,W001,PostNL,2026-05-12,2026-05-16,2026-05-20,Delivered,France
SHP001067,ORD001067,W001,PostNL,2026-05-08,2026-05-11,,In Transit,Italy
SHP001068,ORD001068,W001,DPD,2026-05-26,2026-05-29,,Delayed,Spain
SHP001069,ORD001069,W001,UPS,2026-05-19,2026-05-22,2026-05-25,Delivered,Italy
SHP001070,ORD001070,W001,DPD,2026-05-05,2026-05-08,,Lost,France
SHP001071,ORD001071,W001,FedEx,2026-05-07,2026-05-09,,Delayed,Sweden
SHP001072,ORD001072,W001,UPS,2026-05-24,2026-05-28,2026-05-31,Delivered,Germany
SHP001073,ORD001073,W001,DHL,2026-05-21,2026-05-27,,Lost,Germany
SHP001074,ORD001074,W001,UPS,2026-05-09,2026-05-13,,Lost,Germany
SHP001075,ORD001075,W001,FedEx,2026-05-15,2026-05-18,,In Transit,Germany
SHP001076,ORD001076,W001,DPD,2026-05-19,2026-05-20,2026-05-19,Delivered,Austria
SHP001077,ORD001077,W001,FedEx,2026-05-19,2026-05-22,2026-05-23,Delivered,Sweden
SHP001078,ORD001078,W001,FedEx,2026-05-24,2026-05-25,,Delayed,Netherlands
SHP001079,ORD001079,W001,DPD,2026-05-05,2026-05-10,2026-05-09,Delivered,Italy
SHP001080,ORD001080,W001,FedEx,2026-05-03,2026-05-09,,Delayed,Belgium
SHP001081,ORD001081,W001,FedEx,2026-05-20,2026-05-23,2026-05-23,Delivered,Italy
SHP001082,ORD001082,W001,PostNL,2026-05-20,2026-05-25,2026-05-29,Delivered,Belgium
SHP001083,ORD001083,W001,UPS,2026-05-26,2026-06-01,2026-06-05,Delivered,Sweden
SHP001084,ORD001084,W001,PostNL,2026-05-18,2026-05-19,,In Transit,Italy
SHP001085,ORD001085,W001,UPS,2026-05-10,2026-05-12,,Delayed,France
SHP001086,ORD001086,W001,PostNL,2026-05-26,2026-05-31,2026-06-01,Delivered,Italy
SHP001087,ORD001087,W001,PostNL,2026-05-20,2026-05-26,,Delayed,Spain
SHP001088,ORD001088,W001,FedEx,2026-05-21,2026-05-27,,Delayed,Netherlands
SHP001089,ORD001089,W001,PostNL,2026-05-19,2026-05-21,,Lost,Spain
SHP001090,ORD001090,W001,DHL,2026-05-21,2026-05-22,2026-05-21,Delivered,Sweden
SHP001091,ORD001091,W001,FedEx,2026-05-02,2026-05-07,2026-05-11,Delivered,Italy
SHP001092,ORD001092,W001,FedEx,2026-05-14,2026-05-18,,In Transit,Germany
SHP001093,ORD001093,W001,PostNL,2026-05-23,2026-05-25,,Delayed,Netherlands
SHP001094,ORD001094,W001,DPD,2026-05-26,2026-05-31,,Lost,Belgium
SHP001095,ORD001095,W001,PostNL,2026-05-12,2026-05-13,,Lost,Italy
SHP001096,ORD001096,W001,DPD,2026-05-09,2026-05-15,2026-05-16,Delivered,Austria
SHP001097,ORD001097,W001,DPD,2026-05-10,2026-05-14,2026-05-13,Delivered,Germany
SHP001098,ORD001098,W001,FedEx,2026-05-22,2026-05-24,2026-05-28,Delivered,Netherlands
SHP001099,ORD001099,W001,UPS,2026-05-12,2026-05-15,2026-05-16,Delivered,Spain
SHP001100,ORD001100,W001,FedEx,2026-05-03,2026-05-09,,Lost,Spain
SHP001101,ORD001101,W001,FedEx,2026-05-22,2026-05-24,,Delayed,Sweden
SHP001102,ORD001102,W001,DHL,2026-05-24,2026-05-28,,Lost,Belgium
SHP001103,ORD001103,W001,PostNL,2026-05-16,2026-05-22,2026-05-25,Delivered,Austria
SHP001104,ORD001104,W001,UPS,2026-05-02,2026-05-05,2026-05-08,Delivered,Belgium
SHP001105,ORD001105,W001,UPS,2026-05-06,2026-05-12,2026-05-12,Delivered,Belgium
SHP001106,ORD001106,W001,UPS,2026-05-15,2026-05-20,2026-05-19,Delivered,Spain
SHP001107,ORD001107,W001,DPD,2026-05-08,2026-05-11,,In Transit,Germany
SHP001108,ORD001108,W001,FedEx,2026-05-19,2026-05-25,2026-05-25,Delivered,Germany
SHP001109,ORD001109,W001,DHL,2026-05-05,2026-05-11,,Delayed,Sweden
SHP001110,ORD001110,W001,DPD,2026-05-20,2026-05-24,2026-05-27,Delivered,Germany
SHP001111,ORD001111,W001,PostNL,2026-05-23,2026-05-27,2026-05-28,Delivered,Netherlands
SHP001112,ORD001112,W001,PostNL,2026-05-12,2026-05-18,2026-05-18,Delivered,Germany
SHP001113,ORD001113,W001,FedEx,2026-05-23,2026-05-25,,In Transit,Netherlands
SHP001114,ORD001114,W001,DPD,2026-05-15,2026-05-17,2026-05-17,Delivered,Italy
SHP001115,ORD001115,W001,DPD,2026-05-24,2026-05-27,2026-05-30,Delivered,Austria
SHP001116,ORD001116,W001,UPS,2026-05-26,2026-05-29,2026-05-30,Delivered,Spain
SHP001117,ORD001117,W001,DPD,2026-05-09,2026-05-12,2026-05-12,Delivered,Netherlands
SHP001118,ORD001118,W001,DHL,2026-05-11,2026-05-17,2026-05-19,Delivered,Belgium
SHP001119,ORD001119,W001,FedEx,2026-05-15,2026-05-16,,Delayed,Sweden
SHP001120,ORD001120,W001,DHL,2026-05-09,2026-05-15,,Lost,Italy
SHP001121,ORD001121,W001,PostNL,2026-05-06,2026-05-09,,In Transit,Spain
SHP001122,ORD001122,W001,PostNL,2026-05-13,2026-05-16,,Delayed,France
SHP001123,ORD001123,W001,FedEx,2026-05-08,2026-05-14,2026-05-13,Delivered,Netherlands
SHP001124,ORD001124,W001,DPD,2026-05-25,2026-05-30,,Delayed,Germany
SHP001125,ORD001125,W001,DPD,2026-05-05,2026-05-06,,Lost,Spain
SHP001126,ORD001126,W001,PostNL,2026-05-10,2026-05-14,,In Transit,France
SHP001127,ORD001127,W001,UPS,2026-05-04,2026-05-09,2026-05-09,Delivered,Spain
SHP001128,ORD001128,W001,UPS,2026-05-03,2026-05-07,,In Transit,Belgium
SHP001129,ORD001129,W001,UPS,2026-05-11,2026-05-16,,In Transit,Netherlands
SHP001130,ORD001130,W001,PostNL,2026-05-23,2026-05-29,2026-05-29,Delivered,Italy
SHP001131,ORD001131,W001,FedEx,2026-05-05,2026-05-07,2026-05-11,Delivered,Spain
SHP001132,ORD001132,W001,UPS,2026-05-02,2026-05-04,,Delayed,Italy
SHP001133,ORD001133,W001,DHL,2026-05-20,2026-05-22,2026-05-23,Delivered,Netherlands
SHP001134,ORD001134,W001,DHL,2026-05-16,2026-05-22,,In Transit,Sweden
SHP001135,ORD001135,W001,DPD,2026-05-23,2026-05-28,,Delayed,Austria
SHP001136,ORD001136,W001,DPD,2026-05-17,2026-05-23,2026-05-24,Delivered,Spain
SHP001137,ORD001137,W001,DHL,2026-05-07,2026-05-09,,Lost,Netherlands
SHP001138,ORD001138,W001,DHL,2026-05-15,2026-05-21,,Lost,Germany
SHP001139,ORD001139,W001,DPD,2026-05-11,2026-05-17,2026-05-21,Delivered,Belgium
SHP001140,ORD001140,W001,DHL,2026-05-03,2026-05-06,2026-05-08,Delivered,Sweden
SHP001141,ORD001141,W001,DHL,2026-05-24,2026-05-30,,In Transit,Netherlands
SHP001142,ORD001142,W001,PostNL,2026-05-22,2026-05-27,2026-05-30,Delivered,Spain
SHP001143,ORD001143,W001,PostNL,2026-05-21,2026-05-22,,Delayed,France
SHP001144,ORD001144,W001,DHL,2026-05-06,2026-05-09,,In Transit,Spain
SHP001145,ORD001145,W001,UPS,2026-05-15,2026-05-16,,Lost,Belgium
SHP001146,ORD001146,W001,DPD,2026-05-04,2026-05-10,2026-05-11,Delivered,Austria
SHP001147,ORD001147,W001,DPD,2026-05-05,2026-05-08,2026-05-12,Delivered,Sweden
SHP001148,ORD001148,W001,DHL,2026-05-16,2026-05-17,2026-05-17,Delivered,Belgium
SHP001149,ORD001149,W001,DHL,2026-05-04,2026-05-07,2026-05-08,Delivered,Italy
SHP001150,ORD001150,W001,FedEx,2026-05-11,2026-05-17,2026-05-18,Delivered,Spain
SHP001151,ORD001151,W001,DPD,2026-05-26,2026-05-30,,In Transit,Italy
SHP001152,ORD001152,W001,FedEx,2026-05-07,2026-05-09,,Delayed,Spain
SHP001153,ORD001153,W001,FedEx,2026-05-12,2026-05-14,2026-05-18,Delivered,Spain
SHP001154,ORD001154,W001,FedEx,2026-05-26,2026-05-30,,Lost,Netherlands
SHP001155,ORD001155,W001,PostNL,2026-05-10,2026-05-13,2026-05-12,Delivered,Sweden
SHP001156,ORD001156,W001,DHL,2026-05-10,2026-05-16,,Lost,Italy
SHP001157,ORD001157,W001,PostNL,2026-05-26,2026-05-29,2026-06-02,Delivered,Austria
SHP001158,ORD001158,W001,DHL,2026-05-10,2026-05-14,,Lost,Belgium
SHP001159,ORD001159,W001,DPD,2026-05-23,2026-05-28,2026-05-28,Delivered,Austria
SHP001160,ORD001160,W001,DHL,2026-05-25,2026-05-26,,In Transit,Sweden
SHP001161,ORD001161,W001,UPS,2026-05-20,2026-05-24,,Lost,Netherlands
SHP001162,ORD001162,W001,UPS,2026-05-25,2026-05-28,2026-05-31,Delivered,Spain
SHP001163,ORD001163,W001,DHL,2026-05-03,2026-05-07,2026-05-09,Delivered,Germany
SHP001164,ORD001164,W001,PostNL,2026-05-07,2026-05-13,2026-05-16,Delivered,Belgium
SHP001165,ORD001165,W001,FedEx,2026-05-03,2026-05-05,2026-05-04,Delivered,Italy
SHP001166,ORD001166,W001,UPS,2026-05-12,2026-05-16,,In Transit,France
SHP001167,ORD001167,W001,DHL,2026-05-23,2026-05-27,,In Transit,Sweden
SHP001168,ORD001168,W001,UPS,2026-05-21,2026-05-25,,In Transit,France
SHP001169,ORD001169,W001,DHL,2026-05-16,2026-05-19,,Lost,France
SHP001170,ORD001170,W001,PostNL,2026-05-21,2026-05-23,2026-05-23,Delivered,Austria
SHP001171,ORD001171,W001,UPS,2026-05-07,2026-05-10,2026-05-13,Delivered,Austria
SHP001172,ORD001172,W001,PostNL,2026-05-26,2026-05-29,2026-06-01,Delivered,France
SHP001173,ORD001173,W001,DHL,2026-05-22,2026-05-23,2026-05-26,Delivered,Sweden
SHP001174,ORD001174,W001,DPD,2026-05-16,2026-05-19,2026-05-23,Delivered,France
SHP001175,ORD001175,W001,PostNL,2026-05-09,2026-05-11,,In Transit,Italy
SHP001176,ORD001176,W001,FedEx,2026-05-07,2026-05-10,2026-05-12,Delivered,Germany
SHP001177,ORD001177,W001,DHL,2026-05-05,2026-05-06,,Delayed,Germany
SHP001178,ORD001178,W001,UPS,2026-05-20,2026-05-26,,Lost,Spain
SHP001179,ORD001179,W001,FedEx,2026-05-15,2026-05-20,,Delayed,Germany
SHP001180,ORD001180,W001,PostNL,2026-05-16,2026-05-21,,In Transit,Sweden
SHP001181,ORD001181,W001,FedEx,2026-05-16,2026-05-18,2026-05-19,Delivered,France
SHP001182,ORD001182,W001,DPD,2026-05-13,2026-05-14,2026-05-14,Delivered,Italy
SHP001183,ORD001183,W001,UPS,2026-05-19,2026-05-21,,Delayed,Netherlands
SHP001184,ORD001184,W001,DHL,2026-05-20,2026-05-21,,In Transit,Belgium
SHP001185,ORD001185,W001,PostNL,2026-05-19,2026-05-22,,In Transit,Belgium
SHP001186,ORD001186,W001,DPD,2026-05-10,2026-05-14,,Lost,Spain
SHP001187,ORD001187,W001,UPS,2026-05-10,2026-05-14,2026-05-17,Delivered,Netherlands
SHP001188,ORD001188,W001,DPD,2026-05-21,2026-05-23,,Lost,Austria
SHP001189,ORD001189,W001,FedEx,2026-05-23,2026-05-27,2026-05-30,Delivered,Spain
SHP001190,ORD001190,W001,DPD,2026-05-12,2026-05-13,,In Transit,Germany
SHP001191,ORD001191,W001,FedEx,2026-05-10,2026-05-15,2026-05-18,Delivered,Belgium
SHP001192,ORD001192,W001,PostNL,2026-05-16,2026-05-17,2026-05-18,Delivered,Austria
SHP001193,ORD001193,W001,UPS,2026-05-12,2026-05-17,,In Transit,Austria
SHP001194,ORD001194,W001,DPD,2026-05-18,2026-05-21,,Delayed,Sweden
SHP001195,ORD001195,W001,PostNL,2026-05-05,2026-05-07,2026-05-08,Delivered,Italy
SHP001196,ORD001196,W001,FedEx,2026-05-05,2026-05-08,,Lost,France
SHP001197,ORD001197,W001,DPD,2026-05-25,2026-05-30,,Delayed,Spain
SHP001198,ORD001198,W001,DPD,2026-05-26,2026-05-28,2026-05-29,Delivered,Germany
SHP001199,ORD001199,W001,UPS,2026-05-17,2026-05-21,,In Transit,Austria
SHP001200,ORD001200,W001,UPS,2026-05-02,2026-05-06,,In Transit,France
SHP_BAD_001,ORD999999,W999,Unknown,2026-06-10,2026-05-01,2026-04-30,InvalidStatus,
